"id","source_id","external_id","url","title","content","posted_at","scraped_at","deadline_at","hash"
1,1,,https://plus.cnu.ac.kr/_prog/_board/?mode=V&no=2508345&code=sub07_0702&site_dvs_cd=kr&menu_dvs_cd=0702&skey=&sval=&site_dvs=&ntt_tag=&GotoPage=1,"2025학년도 제2학기 예비수강신청 계획 안내","",,"2025-08-11 19:27:30",,"8fea480bafa48b300d908f6f1b3fd083833e901f56917f4218841802d47e2e4e"
2,1,,https://plus.cnu.ac.kr/_prog/_board/?mode=V&no=2508326&code=sub07_0702&site_dvs_cd=kr&menu_dvs_cd=0702&skey=&sval=&site_dvs=&ntt_tag=&GotoPage=1,"2025학년도 제2학기 휴학 및 복학 신청 안내","",,"2025-08-11 19:27:35",,"6ac1a488404412133e7c2280477f940ce14a5be60c06db881eefb7ac0d49da7a"
3,1,,https://plus.cnu.ac.kr/_prog/_board/?mode=V&no=2508261&code=sub07_0702&site_dvs_cd=kr&menu_dvs_cd=0702&skey=&sval=&site_dvs=&ntt_tag=&GotoPage=1,「2025학년도 제2학기」수강신청 기본 계획 안내,"",,"2025-08-11 19:27:41",,"77782cb310720c797b64688dcc61ab8076192444e74c318ac2f44288502e94ad"
4,1,,https://plus.cnu.ac.kr/_prog/_board/?mode=V&no=2507931&code=sub07_0702&site_dvs_cd=kr&menu_dvs_cd=0702&skey=&sval=&site_dvs=&ntt_tag=&GotoPage=1,"2025학년도 2학기 국내 다른 대학 수학 안내","1. 지원자격 가. 본교에서 1학기 이상을 이수한 재학생으로서 직전 학기 성적평균 평점이 1.75 이상인 학생 ※ 3 학년 편입학자도 학점교류 가능 나. 학칙상 징계 받은 사실이 없는 학생 다. 국내․외의 다른 대학에서 이수한 학점이 졸업학점의 2분의 1 이내인 학생(계절학기 포함) ※ 국내 ․ 외 다른 대학에서 이수한 학점은 졸업학점의 2 분의 1 이내에서만 인정됨 라. 휴학자(당해학기 복학예정자 제외) 및 학위취득유예자는 신청 불가능 2. 지원서 작성 및 제출 가. 신청 절차(대학별 수학 안내문 확인 후 신청) ◦충남대학교포털( http://portal.cnu.ac.kr) → 교외활동신청 → 타대학학점교류신청→ 신청서 작성 후 출력하여 해당 신청 기한까지 소속 학과사무실에 제출 ◦당해 학기 복학 예정자는 휴학자용 지원서(붙임 문서)를 작성하여 제출하고 복학 후 통합정보시스템에 입력하여 학점교류신청서를 출력하여 제출 나. 다른 대학 수학신청서 작성요령 1) 이수 구분: 본교 교육과정의 이수 구분을 표기(전필, 전선, 교양, 일선 등) 2) 교과목번호: 본 교과목으로 인정받으면 관련 교과목번호 표기 3) 영역 표기: 이수 구분이 교양일 경우 해당 영역으로 표기 가) 2013학년도 이전 입학자: 일반교양 나) 2014학년도 이후 입학자: 핵심교양, 일반교양 4) 본교인정 교과목 제공학과장 날인 가) 교양일 경우 반드시 교과목 제공 학과장 날인 나) 전공일 경우 소속 학과장 날인 ※ 휴학 및 교과목변경 등 변동 사항(휴가, 취소, 변경)이 있을 경우 통합정보시스템에서 교류신청서를 수정 및 출력하여 소속 학과에 제출 다. 수업료는 정해진 등록 기간에 본 대학(충남대학교)에 납부함. 3. 2025학년도 2학기 대학별 수학 안내문 및 신청기한 ※ 학점교류대학에서 수학 안내문이 도착하는 대로 계속해서 업데이트 됩니다 . 연번 대학명 열람방법 ( 교무처 학사지원과 or 대학별 홈페이지 ) 신청 기한 연번 대학명 열람방법 ( 교무처 학사지원과 or 대학별 홈페이지 ) 신청 기한 1 강릉원주대 수학안내 8.5(화) 28 선문대 수학안내 8.20(수) 2 강원대 수학안내 7.21(월) 29 숙명여자대 수학안내 7.30(수) 3 건양대 http://www.konyang.ac.kr 30 순천대 수학안내 7.23(수) 4 경북대 수학안내 학생증 7.16(수) 31 순천향대 수학안내 8.20(수) 5 경상국립대 수학안내 7.23(수) 32 우송대 수학안내 교과목안내 7.29(화) 6 공주교육대 http://www.gjue.ac.kr 33 을지대 http://www.eulji.ac.kr 7 공주대 http://www.kongju.ac.kr 34 전남대 수학안내 매뉴얼 7.15(화) 8 과학기술연합대 http://www.ust.ac.kr 35 전북대 수학안내 7/16( 수 ) 9 국립경국대 ( 안동대 ) 수학안내 7.16(수) 36 제주대 수학안내 7.21(월) 10 국방대 http://www.kndu.ac.kr 37 중부대 http://www.joongbu.ac.kr 11 군산대 수학안내 7.28(월) 38 중앙대 수학안내 7.17(목) 12 금강대 http://www.ggu.ac.kr 39 창원대 수학안내 7.23(수) 13 금오공과대 수학안내 7.21(월) 40 청운대 http://www.chungwoon.ac.kr 14 나사렛대 수학안내 8.6(수) 41 충북대 수학안내 7.22(화) 15 남서울대 http://www.nsu.ac.kr 42 한경국립대 수학안내 7.28(월) 16 단국대 수학안내 8.7(목) 43 한국과학기술원 수학안내 7.16 (수) 17 대전대 http://www.dju.ac.kr 44 한국교원대 수학안내 7.18(금) 18 목원대 http://www.mokwon.ac.kr 45 한국교통대 http://www.ut.ac.kr/ 19 목포대 수학안내 7.29(화) 46 한국기술교육대 http://www.koreatech.ac.kr 20 목포해양대 http://www.mmu.ac.kr/ 47 한국체육대 http://www.knsu.ac.kr/ 21 배재대 http://www.pcu.ac.kr 48 한국침례신학대 http://www.kbtus.ac.kr 22 백석대 http://www.bu.ac.kr 49 한국해양대 수학안내 7.24(목) 23 부경대 수학안내 7.25(금) 50 한남대 http://www.hannam.ac.kr 24 부산대 수학안내 7.23(수) 51 한밭대 수학안내 교과목 안내 7.22(화) 25 상명대 수학안내 7.22(화) 52 한서대 수학안내 7.25(금) 26 서울대 수학안내 7.7(월) 53 호서대 수학안내 8.13(수) 27 서울시립대 수학안내 7.10(목) 54 특허청 수학안내 8.25(월) ※ 자세한 사항은 첨부파일을 참고하시기 바랍니다.",,"2025-08-11 19:27:52",,"77078482e882df3951bdf3302cf30b17265d314869c6e16af632e68f9196b87f"
5,1,,https://plus.cnu.ac.kr/_prog/_board/?mode=V&no=2506257&code=sub07_0702&site_dvs_cd=kr&menu_dvs_cd=0702&skey=&sval=&site_dvs=&ntt_tag=&GotoPage=1,학생 출석인정(구학생 휴가)신청 변경 사항 안내,"",,"2025-08-11 19:27:58",,"83b5182604f06fb6535253ff535b8e6b5565b07ab404643f02c742bead8cc3c5"
6,1,,https://plus.cnu.ac.kr/_prog/_board/?mode=V&no=2508640&code=sub07_0702&site_dvs_cd=kr&menu_dvs_cd=0702&skey=&sval=&site_dvs=&ntt_tag=&GotoPage=1,"2025학년도 2학기 국가장학금 2차 신청 안내","1. 신청대상: 신·편·재입학생(2학기 입학예정자), 복학생 및 1차 신청을 놓친 재학생 ※ 재학생은 1차 신청이 원칙이며, 재학 중 2회에 한하여 2차 신청으로 수혜 가능 2. 신청기간: 2025. 8. 13.(수) 9:00 ~ 9. 10.(수) 18:00 ※ 서류 제출 및 가구원 동의: 2025. 8. 13.(수) 9:00 ∼ 9. 17.(수) 18:00 3. 신청방법: 한국장학재단 누리집( www.kosaf.go.kr) 및 모바일 앱 4. 유의사항 ○ 반드시 본인 명의로 신청(학생 본인명의 계좌 입력 시 오탈자 없도록 정확히 입력) ○ 소속대학 및 학적 잘못 입력 시 심사 오류가 발생할 수 있으므로 정확히 입력하고, 2025학년도 2학기 기준으로 본인의 학적(재학･재입학 등)을 정확히 선택 ※ 의과대 및 수의과대 학생 중 예과에서 본과로 진급하는 경우 반드시 ‘재학생’ 으로 선택하여 신청 ※ (예) 2025학년도 1학기 신·편·재입학생은 금번 2학기 기준으로 ‘재학생’에 해당 ○ 국가장학금 신청자에 한하여 ‘2025년 2학기 재난장학금(피해가구 대학생)’ 및 ‘국가장학금 Ⅱ유형’ 지원 [참고] <2025년 2학기 대상 재난장학금> 근거 재난명 비고 대통령 공고 제 355 호 ’24 년 11 월 대설 · 강풍 · 풍랑 25-1 학기 , 25-2 학기 지원 대통령 공고 제 357 호 ’25 년 3 월 전투기 오폭 25-2 학기 , 26-1 학기 지원 대통령 공고 제 358 호 ~360 호 ’25 년 3 월 산불 25-2 학기 , 26-1 학기 지원 대통령 공고 제 364 호 ’25 년 7 월 집중호우 25-2 학기 , 26-1 학기 지원 5. 문의처: 한국장학재단 상담센터(☎1599-2000)",,"2025-08-11 19:28:05",,"5fba0deb0727c3eec4ac783fb2db413d0e1ab245d6faa41e281cb51790b5a760"
7,1,,https://plus.cnu.ac.kr/_prog/_board/?mode=V&no=2508603&code=sub07_0702&site_dvs_cd=kr&menu_dvs_cd=0702&skey=&sval=&site_dvs=&ntt_tag=&GotoPage=1,"2025학년도 2학기 주거안정장학금 2차 신청 안내","1. 신청대상: 대학소재지 기준 부모의 주소지가 다른 교통권에 있는 원거리 대학에 다니는 기초생활수급·차상위계층 학생 ※ 상세 내용은 한국장학재단 홈페이지 참조 2. 신청기간: 2025. 8. 13.(수) 09:00 ~ 9. 10.(수) 18:00 ※ 서류제출 및 가구원 동의: 2025. 8. 13.(수) 09:00 ∼ 9. 17.(수) 18:00 ※ 반드시 기간 내 장학금 신청 및 서류제출 대상자는 온라인으로 서류제출 필수 3. 학생 신청대학 정보 수정기간: 2025. 9. 11.(목) ~ 10. 31.(금) ※ 학생 신청기간 동안에는 장학생 본인이 대학정보를 수정할 수 있음 4. 신청방법: 한국장학재단 홈페이지( www.kosaf.go.kr) 및 모바일 앱 5. 지원금액: 학기 중 최대 월 20만원 한도 내에서 학생이 지출한 비용(실비) 개별지급 6. 안내사항: 학적(신입생, 재학생) 구분없이 2학기 미신청자 신청 가능 7. 기타문의: 한국장학재단 상담센터(☎1599-2000)",,"2025-08-11 19:28:11",,ebc9592ece83152d8d0e731cd8405bb3671641b9388510ce6cef9f694f9a5351
8,1,,https://plus.cnu.ac.kr/_prog/_board/?mode=V&no=2508596&code=sub07_0702&site_dvs_cd=kr&menu_dvs_cd=0702&skey=&sval=&site_dvs=&ntt_tag=&GotoPage=1,"2025학년도 제2학기 2차 국가근로장학사업 학생 신청기간 안내","",,"2025-08-11 19:28:18",,"9b9f6788c19157a2dc9ee91ded9a1692175386ff29276400841d79498439e6f2"
9,1,,https://plus.cnu.ac.kr/_prog/_board/?mode=V&no=2508589&code=sub07_0702&site_dvs_cd=kr&menu_dvs_cd=0702&skey=&sval=&site_dvs=&ntt_tag=&GotoPage=1,"2025년 (재)손태희장학재단 장학생 선발 안내","",,"2025-08-11 19:28:25",,f9891d1eb6ec1aae56bee5ca27844b6249cc0b7cbc27e50013e82a21c94f21bd
13,1,,https://plus.cnu.ac.kr/_prog/_board/?mode=V&no=2508538&code=sub07_0702&site_dvs_cd=kr&menu_dvs_cd=0702&skey=&sval=&site_dvs=&ntt_tag=&GotoPage=2,"2026년 소아·청소년 당뇨인 푸른빛 희망 장학금 지원 안내","1. 신청기간: 2025. 6. 30.(월)~9. 19.(금) ※ 9. 19.까지 원본 우편 도착분에 한함 2. 지원대상: 만 3세~만 24세 소아·청소년 당뇨인(’22.1.1.생부터 ’01.12.31.생까지) 3. 지원금액: 당뇨인 1인 150만원 지원 4. 문 의 처: 02-572-0366(한국소아당뇨협의회) 5. 기타 세부사항은 붙임 안내문 참고",,"2025-08-11 19:37:12",,c0e8fc477f1e5a2a2a4ecc76a174b50335719267617dd40ea90abba94b701fb4
14,1,,https://plus.cnu.ac.kr/_prog/_board/?mode=V&no=2508530&code=sub07_0702&site_dvs_cd=kr&menu_dvs_cd=0702&skey=&sval=&site_dvs=&ntt_tag=&GotoPage=2,"2025학년도 제2학기 예비수강신청 결과(우선확정 포함) 안내","1. 예비수강신청 결과[붙임1 참고] (단위: 강좌 수) 개설강좌 예비수강신청강좌 우선확정 결과 비고 우선확정 대상 강좌 (A) 우선확정 강좌 (B) 비율 (B/A) 4,984 4,386 617 444 71.9% * 예비수강신청 결과, ‘우선확정’ 정원 내 수강신청된 강좌 2. ‘우선확정’: 수강신청 확정 완료(학생들은 해당 과목을 별도로 수강신청 확정할 필요 없음) ※ 결과확인(학생): 수강신청시스템( https://sugang.cnu.ac.kr/)-로그인-‘수강신청내역조회’ 또는 충남대포털-통합정보시스템-수강정보-‘수강신청내역/시간표’ 3. 안내사항 - 우선확정 강좌 이외 교과목은 실제 수강신청이 되거나 우선순위가 보장된 것이 아니므로 반드시 본 수강신청 기간에 선착순으로 별도 확정해야 수강신청 확정 - 우선확정 강좌를 취소하고자 하는 경우 본 수강신청 기간 동안 취소 가능",,"2025-08-11 19:37:16",,"99de37179a455d78314f384f4752e61c0a224cdf4f6b03faddd459494708baeb"
15,1,,https://plus.cnu.ac.kr/_prog/_board/?mode=V&no=2508500&code=sub07_0702&site_dvs_cd=kr&menu_dvs_cd=0702&skey=&sval=&site_dvs=&ntt_tag=&GotoPage=2,"2025년 서울장학재단 서울희망대학진로 장학생 선발 안내","1. 신청기간: 2025. 8. 5.(화) 10:00 ~ 8. 12.(화) 16:00 까지 2. 지원자격(1~4번 모두 해당인 자) 1) 대한민국 국적자로서 학적이 아래 중 하나에 해당하는 자 ① 2025년 2학기 서울소재 대학교 1학년 2학기 정규학기 재학생 ② 서울 시민* 중 2025년 2학기 비서울소재 대학교 1학년 2학기 정규학기 재학생 * 서울 시민 자격 인정 범위 : 미혼 – 본인 또는 부모 / 기혼 – 본인 또는 배우자 2) 소득기준이 아래 중 하나에 해당하는 자 ① 기초생활수급자 또는 법정차상위계층 ② 2025-1학기 또는 2025-2학기 한국장학재단 학자금지원구간 통지서 4구간 이하 3) 성적기준 전체학기 평점 평균의 백분위(백분율) 성적 90점 이상 충족한 자 4) 진로 역량 개발을 위하여 학업 또는 진로 목표를 진취적으로 설계하고 도전하며 꿈을 실현하고자 하는 의지를 가진 학생 3. 장학금액: 1인당 200만원(1회 지급) 4. 기타 세부사항은 붙임 공고문 참고 5. 문의처: 070-8645-0725 또는 kwak@hissf.or.kr (서울장학재단)",,"2025-08-11 19:37:20",,"285fa759615397980f65fe10f65ab4e64d08cfab68a014a6259ae16fd61e949f"
16,1,,https://plus.cnu.ac.kr/_prog/_board/?mode=V&no=2508493&code=sub07_0702&site_dvs_cd=kr&menu_dvs_cd=0702&skey=&sval=&site_dvs=&ntt_tag=&GotoPage=2,[보훈청 주관 사업 홍보]2025학년도 2학기 보훈장학(대학원생) 및 보훈가족장학(학부) 신청 안내,"1. 신청대상 및 자격 1) 보훈장학(대학원생) - 신청대상: 국가보훈관계 법령에 따라 교육지원대상자 중 본인 및 전몰․순직․사망배우자, 전상․공상․전몰․순직․재해부상․재해사망군경의 자녀(부모가 모두 사망하고 35세 미만인 경우에만 해당) - 신청자격: 대학원 석·박사 과정 재학 중인 자로 직전학기 성적이 80점 이상인 자 - 제외대상: 정규 첫 학기, 학칙으로 정한 해당과정 수업연한 초과자(단, 이미 지원받은 경우 이전학교(학위과정)에서 면제받은 수업연한을 제외하고 남은 수업연한 내), 연구과정 및 해외유학 과정 2) 보훈가족장학(학부생) - 신청대상: 6·25전몰군경 손자녀로서 대학 등에 재학 중인 자 - 신청자격: 대학교 재학자로 직전학기 성적이 70점 이상인 자(신입생은 성적기준 제외) - 제외대상: 국가유공자의 전공사상 시기가 6·25전쟁이 아닌 경우, 학칙에서 정한 수업연한 초과자, 당해 학기에 본인이 납부한 수업료가 없는 경우(타 장학금 수령 포함) 3) 신청기간: 2025. 9. 2.(화) ~ 9. 30.(화) 4) 신청방법: 본인 직접 신청 5) 신청서 접수 및 문의처: 대전지방보훈청 보훈과(☎ 042-280-1135)",,"2025-08-11 19:37:24",,"6239904dee20cc9ebe685054a13fb9536207c58d91c2d4633be1ed7de1c8c9d9"
17,1,,https://plus.cnu.ac.kr/_prog/_board/?mode=V&no=2508412&code=sub07_0702&site_dvs_cd=kr&menu_dvs_cd=0702&skey=&sval=&site_dvs=&ntt_tag=&GotoPage=2,[육성] 2025학년도 2차 CNU 학습동아리 모집 안내,"1. 모집대상: 재학생(4명 이상)으로 구성된 학습동아리 25팀 내외 2. 접수기간: 2025. 7. 28.(월) ~ 8. 5.(화) 3. 활동기간: 2025. 8. 14.(목) ~ 10. 27.(월) 4. 접수방법: 학사지원시스템( http://with.cnu.ac.kr) → 개인비교과 → ‘2차 CNU 학습동아리’ 신청(제출 서류 첨부) 5. 지원내용: 인증서 발급, 활동장학금 30만원 및 우수팀 시상금 지급 등 ※ 자세한 사항은 첨부파일을 참고하시기 바랍니다.",,"2025-08-11 19:38:18",,"5134238bcaf4f943f3d13516038b19026d0bbeeebd0a989a793525b0dff8c64b"
18,1,,https://plus.cnu.ac.kr/_prog/_board/?mode=V&no=2508410&code=sub07_0702&site_dvs_cd=kr&menu_dvs_cd=0702&skey=&sval=&site_dvs=&ntt_tag=&GotoPage=2,"2025학년도 겨울계절학기 단기 파견 방문학생 모집","1. 파견대학: 국외 자매대학 6개교 2. 모집인원: 28명 정도 (자비연수는 인원제한 없음) 3. 파견시기: 2025학년도 겨울방학 (3주~7주) 4. 모집기간: 2025. 8. 1.(금) 9:00 ~ 8. 8.(금) 17:00 (시간엄수) 5. 지원방법: 온라인 접수 ( https://forms.gle/fDC2XLJkMM47dABz5) 6. 합격발표: 2025. 8. 14.(목) 국제교류본부 홈페이지 게시 및 합격자 개별연락",,"2025-08-11 19:38:22",,"1067957a196d74bcf5801ac9313c9ee915c9ea2806f5eb9d6b78ca43e1540397"
37,1,,https://plus.cnu.ac.kr/_prog/_board/?mode=V&no=2508676&code=sub07_0704&site_dvs_cd=kr&menu_dvs_cd=0704&skey=&sval=&site_dvs=&ntt_tag=&GotoPage=1,"2025학년도 2학기 자기주도형 차차 프로그램 모집 안내","1. 모집대상: 학부 재학생(직전학기 성적 3.0 미만인 재학생 우선 선정) 2. 신청기간: 2025. 8. 11.(월) ~ 8. 25.(월) 3. 활동기간: 2025. 9. 5.(금) ~ 2026. 1. 9.(금) 4. 신청방법: 학사지원시스템( https://with.cnu.ac.kr)→로그인(CNU포털과 동일한 아이디/비밀번호)→비교과→개인 비교과 신청→2025학년도 2학기 자기주도형 차차 프로그램 신청(제출 서류 첨부) 5. 지원내용: 꿈모아 마일리지 16시간 인정, 수료증 발급, 활동 우수자(팀) 시상금 수여",,"2025-08-12 10:36:53",,"95d841699aceb2fb06752d55a3677856a8a4f8d00a2503c0e3174cc3d6131c3c"
38,1,,https://plus.cnu.ac.kr/_prog/_board/?mode=V&no=2508668&code=sub07_0704&site_dvs_cd=kr&menu_dvs_cd=0704&skey=&sval=&site_dvs=&ntt_tag=&GotoPage=1,[졸업생 특화] 신입사원 마스터 패키지 안내,"1. 프로그램 개요 가. 프로그램명: [졸업생 특화] 신입사원 마스터 패키지 나. 기    간: 2025. 8. 26.(화)~8. 28.(목), 13:00~18:00 다. 장    소: 온·오프라인 병행(인재개발원 시너지실, 창의실) 라. 대    상: 졸업(예정)자, 지역청년 등 120명 ※ 2025년 충남대학교 졸업생 특화 프로그램 참여자 우선 선발 마. 주요내용: AI실무교육 및 비즈니스매너, 면접 트레이닝 등 일시 내용 장소 2025. 8. 26.( 화 ) 13:00~18:00(5h) ⸰ 비즈니스 매너 - 이미지메이킹 - 슬기로운 직장생활을 위한 복장 , 표정 , 자세 , 인사 ⸰ 면접 트레이닝 - 경험 기반 질문 대응법 , 모의면접 롤플레잉 - 상황면접과 압박면접 대응 전략 - AI 를 활용한 면접 예상질문 및 답변 도출 대면 ( 시너지실 , 개발실 ) 2025. 8. 27.( 수 ) 13:00~18:00(5h) ⸰ AI 실무교육 1 - AI 가 바꾸는 직업과 산업 ( 각 산업별 사례 소개 ) - AI 를 활용한 시장조사와 경쟁사 분석 비대면 (ZOOM) 2025. 8. 28.( 목 ) 13:00~18:00(5h) ⸰ AI 실무교육 2 - AI 툴을 활용한 사업계획서 및 보고서 작성법 - AI 활용한 핵심역량기반 입사지원서 작성법 비대면 (ZOOM) 바. 기타사항: 교육수료 시 이노폴리스벤처협회에서 교육수료자에게 교육수당(30만원) 지급 2. 신청방법 및 기간 가. 방법: CNU With U+(학사지원시스템) 신청  ※ 비교과 > 개인비교과 > ‘졸업생’검색 > 신청 나. 기간: 2025. 8. 20.(수) 23:59까지 다. 문의: 인재개발원 이선아 컨설턴트(042-821-6943)",,"2025-08-12 10:36:56",,c5fd2542e0b0088a3729c186039905b4ad6b12be762986cfe27d80201939993a
39,1,,https://plus.cnu.ac.kr/_prog/_board/?mode=V&no=2508639&code=sub07_0704&site_dvs_cd=kr&menu_dvs_cd=0704&skey=&sval=&site_dvs=&ntt_tag=&GotoPage=1,[거점특화 CNU-WITH] 첨단산업 언택트 현직자 직무부트캠프 안내,"1. 교육개요 가. 기간: 2025. 8. 30.(토)~10. 2.(목), 각 캠프 별 5주 과정 ※ 캠프별 일정 상이 나. 대상: 충남대 재학생, 졸업생, 지역청년 등 40명 다. 방법: 비대면 특강 및 멘토링 프로그램명 세부 내용 현직자와 함께하는 직무캠프 5 개 직무그룹 별 5 주 과정으로 직무캠프 운영 ( 온라인 세션 3 회 , 실무과제 4 회 ) 수행한 실무과제에 대한 현직자의 1:1 피드백 라. 기타: 수료증 제공(교육시간 80%이상 이수 시), 본교 재학생 2025꿈모아 마일리지 적립 2. 신청기간 및 방법 가. 신청기간: 공고일 ~ 2025. 8. 24.(일) 나. 신청방법: 온라인 신청( https://haesol21.notion.site/9-10-1c79e125029d80ab97f1ce8fc6cdfc89) 다. 문    의: 042-821-6944 / 인재개발원 최해솔",,"2025-08-12 10:36:59",,"187ae4aa8a57abd11b0b33b239e6b18bd52bac66a633274b58bcef321bdc2f51"
40,1,,https://plus.cnu.ac.kr/_prog/_board/?mode=V&no=2508627&code=sub07_0704&site_dvs_cd=kr&menu_dvs_cd=0704&skey=&sval=&site_dvs=&ntt_tag=&GotoPage=1,"2025학년도 제5차 CNU 교수법 워크숍 실시 안내","1. 주제: 생성형 AI를 이용한 수업과 연구 2. 일시: 2025. 8. 22.(금) 14:00~16:00 ※ Zoom을 활용한 실시간 온라인 워크숍으로 실시 (실시간 참여 후 참여후기를 작성하여 제출할 시 교수법 워크숍 참여 실적으로 인정) 3. 대상: 충남대학교 교수자 4. 강사: 권정민 교수(서울교육대학교) 5. 신청 기한: 2025. 8. 20.(수) 23:00 까지 6. 신청 방법: https://forms.gle/5U2nxRuFr4Kb1Exx9 에서 신청 7. 참여특전 1) 전임교원: 교원 업적평가 및 교육·연구·학생지도비 지급 기준 중‘교육영역-교육혁신본부 교수지원 프로그램 이수 및 적용’에 교수법 워크숍 2시간 참여 실적 인정 2) 강사: 강사 재임용 심사기준 중 ‘가점사항-강의개선 노력’에 교수법 워크숍 2시간 참여 실적 인정",,"2025-08-12 10:37:03",,"240c360593d7c26a873db1eb1e576c0b6341f92ff809f68ca7d91c135d3338aa"
41,1,,https://plus.cnu.ac.kr/_prog/_board/?mode=V&no=2508620&code=sub07_0704&site_dvs_cd=kr&menu_dvs_cd=0704&skey=&sval=&site_dvs=&ntt_tag=&GotoPage=1,「2025 노동정책포럼 -노동시간 제도의 쟁점과 과제-」안내,"1. 프로그램: ‘노동시간제도의 쟁점과 노동사건 사례’ 및 ‘주4.5일제와 일ㆍ가정양립제도의 시행과 과제’에 대한 전문가 발제와 연구자, 시민활동가, 노동조합, 학생의 토론 2. 일    정: 2025. 08. 21.(목) 15:00~17:30 3. 장    소: 충남대 법학전문대학원 계단강의실3(214호) 4. 신청방법: 온라인 신청폼 작성( https://moaform.com/q/yr2wqX ) 5. 주최ㆍ주관: 충남대학교 법률센터, 대전광역시노동권익센터",,"2025-08-12 10:37:13",,"356d860f42fa830afb86b71892e54ddd1b6c7db2f8122902fd8c9e9ee322ef6a"
42,1,,https://plus.cnu.ac.kr/_prog/_board/?mode=V&no=2508593&code=sub07_0704&site_dvs_cd=kr&menu_dvs_cd=0704&skey=&sval=&site_dvs=&ntt_tag=&GotoPage=1,"2025학년도 제1차, 제2차 CNU 강사를 위한 교수법 워크숍 실시 안내","1. 주제 및 일시 1) 제1차: 소통을 위한 프레젠테이션 기술 ① 전달력 향상 기법 - 2025. 8. 14.(목) 10:00~12:00 2) 제2차: 소통을 위한 프레젠테이션 기술 ② 표현력 향상 기법 - 2025. 8. 21.(목) 10:00~12:00 ※ Zoom을 활용한 실시간 온라인 워크숍으로 실시 (실시간 참여 후 참여후기를 작성하여 제출할 시 교수법 워크숍 참여 실적으로 인정) 2. 대상: 충남대학교 강사(전임교원도 참여를 희망할 경우 참여 가능) 3. 강사: 김호정 대표(스피치코리아) 4. 신청 기한: 2025. 8. 12.(화) 까지 5. 신청 방법: https://forms.gle/GfwFHSZQiohjAY3q9 에서 신청 6. 참여특전 1) 강사: 강사 재임용 심사기준 중 ‘가점사항-강의개선 노력’에 교수법 워크숍 각 2시간 참여 실적 인정 2) 전임교원: 교원 업적평가 및 교육·연구·학생지도비 지급 기준 중‘교육영역-교육혁신본부 교수지원 프로그램 이수 및 적용’에 교수법 워크숍 각 2시간 참여 실적 인정",,"2025-08-12 10:37:34",,b1cbe67b4bf2abf242f26c8e683f980bfb033966ad9adb961492f31e9ae6b96e
43,1,,https://plus.cnu.ac.kr/_prog/_board/?mode=V&no=2508460&code=sub07_0704&site_dvs_cd=kr&menu_dvs_cd=0704&skey=&sval=&site_dvs=&ntt_tag=&GotoPage=2,[거점특화 CNU-WITH] 첨단바이오분야 제조 및 품질분석 전문가교육 안내,"1. 교육개요 가. 기간: 2025. 8. 25.(월)~8. 29.(금) 9:00~17:00(총 35시간) 나. 대상: 본교 재학생, 졸업생, 지역청년 등 22명 다. 방법: 대면 및 비대면(ZOOM) 혼합 일시 내용 방법 인원 2025. 8. 25( 월 )~8. 26( 화 ) 9:00~17:00 바이오 품질시험법 이론 비대면 (ZOOM) 22 명 2025. 8. 27.( 수 )~8. 29( 금 ) 9:00~17:00 - 바이오 품질시험 실습 · QPCR/ELISA · 단백질정제 (AKTA) 기초 실습 대면 ( 세종 테크노파크 ) 라. 기타: 수료증 제공(교육시간 80%이상 이수 시), 본교 재학생 2025꿈모아 마일리지 적립 2. 신청기간 및 방법 가. 신청기간: 공고일 ~ 2025. 8. 10.(일) [조기마감 될 수 있음] 나. 신청방법: 온라인 신청(링크) 다. 문    의: 042-821-6944 / 인재개발원 최해솔",,"2025-08-12 10:38:11",,"9ee846e0d2524480569f06c1ed7f176b7c583337bbff503ce9d6b2e598f69d1f"
44,1,,https://plus.cnu.ac.kr/_prog/_board/?mode=V&no=2508439&code=sub07_0704&site_dvs_cd=kr&menu_dvs_cd=0704&skey=&sval=&site_dvs=&ntt_tag=&GotoPage=2,"[거점특화 CNU-WITH] GMP 및 QC,QA 실무인재교육 안내","1. 교육개요 가. 기간: 2025. 8. 18.(월)~8. 22.(금) 9:00~17:00(총 35시간) 나. 대상: 본교 재학생, 졸업생, 지역청년 등 22명 다. 방법: 대면 및 비대면(ZOOM) 혼합 일시 내용 방법 인원 8. 18.( 월 )~8. 19.( 화 ) 9:00~17:00 - GMP 이해 및 적격성평가 요령 등 - 밸리데이션 및 HPLC 장비 이해 비대면 (ZOOM) 22 명 8. 20.( 수 )~8. 22( 금 ) 9:00~17:00 - HPLC 장비 및 GC 장비 실습 대면 ( 대전 ) 라. 기타: 수료증 제공(교육시간 80%이상 이수 시), 본교 재학생 2025꿈모아 마일리지 적립 2. 신청기간 및 방법 가. 신청기간: 공고일 ~ 2025. 8. 10.(일) [조기마감 될 수 있음] 나. 신청방법: 온라인 신청(링크) 다. 문    의: 042-821-6944 / 인재개발원 최해솔",,"2025-08-12 10:38:14",,c60a6f35aa800ccdfff598529b5f4199e284eea7455510f56392265100da5434
45,1,,https://plus.cnu.ac.kr/_prog/_board/?mode=V&no=2508406&code=sub07_0704&site_dvs_cd=kr&menu_dvs_cd=0704&skey=&sval=&site_dvs=&ntt_tag=&GotoPage=2,"2025학년도 CNU Learning Together(29호) 실시 안내","1. 주제: 공부는 내일로 미루고, 유튜브는 지금 본다(당신의 지연행동 탈출기) 2. 대상: 학부 재학생 3. 프로그램 신청 및 주요 내용 1) 프로그램 신청: 학사지원시스템( http://with.cnu.ac.kr)→로그인(CNU포털과 동일한 아이디/비밀번호)→비교과프로그램→개인비교과 신청→CNU Learning Together(29호)→신청 및 학습 자료 읽기→만족도 설문 참여 2) 신청 및 참여기간: 2025. 7. 25.(금) ~ 8. 21.(목) 3) 세부 내용: [붙임] 참고 4. 참여특전: 만족도 설문 참여 시 꿈모아 마일리지 1시간 실적으로 인정",,"2025-08-12 10:38:20",,"9dac266b59cb6b91d56aa942db1619ead296e6a80e3c5673618afea4f850c964"
46,1,,https://plus.cnu.ac.kr/_prog/_board/?mode=V&no=2508354&code=sub07_0704&site_dvs_cd=kr&menu_dvs_cd=0704&skey=&sval=&site_dvs=&ntt_tag=&GotoPage=2,「2025년 하반기 실전취업역량강화 프로그램」안내,"1. 교육개요 가. 기간: 2025. 8. 4.(월) ~ 9. 28.(일) 1) [1단계] 현직자 직무 특강: 2025. 8. 4.(월) ~ 8. 8.(금) 2) [2단계] NCS&인적성 프로그램: 2025. 8. 11.(월) ~ 8. 14.(목) 3) [3단계] 자기소개서 프로그램: 2025. 8. 25.(월) ~ 9. 7.(일) 4) [4단계] 면접 프로그램: 2025. 9. 15.(월) ~ 9. 28.(일) 나. 대상: 본교 재학생 및 졸업생, 지역청년 다. 방법: 대면 및 비대면 2. 신청방법 및 기간 가. 방법: CNU With U+ 신청(비교과 > 개인비교과 > 해당프로그램 검색 > 신청) ※ 프로그램 단계별 별도 신청 나. 문의: 인재개발원 유현서 컨설턴트(042-821-6946)",,"2025-08-12 10:38:25",,a903d5e00c8d40e4a4f0ff16e046a397c81e5813dc2eb136870aa9a4c570d4d9
58,2,,https://plus.cnu.ac.kr/_prog/_board/?mode=V&no=2508438&code=sub07_0709&site_dvs_cd=kr&menu_dvs_cd=0709&skey=&sval=&site_dvs=&ntt_tag=&GotoPage=1,[이노폴리스캠퍼스사업단] 2025년 인재양성 교육 과정(1차) | 교육생 모집(~8. 12.),"[충남대학교 이노폴리스캠퍼스사업단] 2025년 인재양성 교육 과정(1차) 안내 및 교육생 모집 # 대전 지역의 주력 산업(ABCD+QR* 등 첨단 및 딥테크 분야) 초기창업기업 및 출연연 등에서 필요로 하는 실무형 핵심 인력 양성 을 위한 교육 과정 운영 *ABCD+QR: ▲우주·항공(Aerospace) ▲바이오헬스(Biohealth) ▲나노·반도체(Chips) ▲국방(Defense) ▲양자(Quantum) ▲로봇(Robot) # 공통교육 및 Track별 특화교육* 실시 *특화교육: 연구지원 및 산학협력 2분야로 Track화 하여 교육 운영 ○ 일시: 2025. 8. 13.(수) 16:00~18:00 ○ 장소: 대덕테크비즈센터 지하1층(대덕특구 SPACE-S) ○ 주제: 대전 지역 특화 산업 및 스타트업 생태계 이해(공통①) ○ 강사: 김태우 이사(㈜제이엔피글로벌) ○ 대상: 대전지역 구직청년 · 예비 창업자, 대학·출연연·창업기업 구성원, 창업 유관기관 관계자 등 ☆☆ 신청방법: 아래 URL 클릭 or QR코드 스캔 후 구글폼 작성 및 제출 ☆☆ ( https://docs.google.com/forms/d/e/1FAIpQLSeFwJ5pdq4g1PEuK0aUjI4BvbJqSytMUAvFvVotJkAQNFOZtQ/viewform?usp=header ) ☎ 문의: 042-821-8006/5965 * 간단한 다과(샌드위치, 커피 등) 제공 * 당일 현장 접수 가능",,"2025-08-12 10:52:21",,"0a6ec77a61d12d7be41d8a778a2d7caf455b73b94b77d321a857f1bd66e7930a"
59,2,,https://plus.cnu.ac.kr/_prog/_board/?mode=V&no=2508437&code=sub07_0709&site_dvs_cd=kr&menu_dvs_cd=0709&skey=&sval=&site_dvs=&ntt_tag=&GotoPage=1,[스마트팜운영자양성사업단] 2025년도 파이썬 기반 AI전문가 자격증 취득과정 참가자 모집 안내,안녕하세요. 충남대학교 스마트팜운영자양성사업단에서 [2025년도 파이썬 기반 AI전문가 자격증 취득과정] 참가자를 모집합니다. 1) 모집기간 : ~ 2025. 08. 10. (일) 2) 교육기간 : 2025. 08. 18. (월) ~ 08. 22. (목) 18:00 - 21:30 - 농대 오프라인 대면 교육 (농업생명과학대학 1호관 앞 운동장) - 교육비 전액 지원 - 교육 진행 중 포기시 환불조치 - 출석률에 따라 자격증 비용 지원 3) 제출서류 : [붙임2_2025년 AI자격증] 서류 작성 후 이메일 제출 (elkyu0927@cnu.ac.kr) 추가 문의사항 있으시면 042-821-8859 로 연락 주세요.,,"2025-08-12 10:52:24",,"5ac2ff6a15da0344f4376637619f2fcb2802c26115a213ed61a92dc9aa21439e"
60,2,,https://plus.cnu.ac.kr/_prog/_board/?mode=V&no=2508432&code=sub07_0709&site_dvs_cd=kr&menu_dvs_cd=0709&skey=&sval=&site_dvs=&ntt_tag=&GotoPage=1,"2025학년도 제2학기 창업현장실습 및 창업휴학 신청안내","1. 2025학년도 2학기 창업현장실습 신청 안내 창업교육센터에서는 창업으로 인해 학업과 병행이 어려운 경우 창업활동을 통해 학습목표를 달성하여 학점을 인정받도록 창업현장실습 교과목을 운영하고 있으니, 관심 있으신 학생분들의 많은 관심과 신청바랍니다. ■ 신청접수기간: 2025. 8. 1.(금) ~ 8. 11.(월) 23:59 ■ 수강신청기간: 2025. 9. 1.(월) ~ 9. 5.(금) ■ 대상 - 4학기 이상 이수한 본교 재학생 - 사업자등록증 상 대표(공동대표 포함)인 자 ■ 신청방법 - 창업교육센터 이메일 신청 및 접수(startupedu@cnu.ac.kr) ■ 제출서류 - 신청서, 주간계획서, 사업계획서, 사업자등록증(★파일 업로드시 파일명: 성명_창업현장실습★) 2. 2025학년도 2학기 창업휴학 신청 안내 창업교육센터에서는 창업으로 인한 학업단절을 막기 위하여 창업휴학 제도를 운영하고 있으니 관심 있으신 학생분들의 신청바랍니다. ■ 접수기간: 2025. 8. 1.(금) ~ 8. 11.(월) 23:59 ■ 대     상 - 창업 후 3년 내 충남대학교 학생 ■ 신청방법 - 창업교육센터 이메일 신청 및 접수(startupedu@cnu.ac.kr) ■ 제출서류 - 창업휴학 신청서(학과장 승인 포함), 사업자등록증, 사업계획서(★파일 업로드시 파일명: 성명_창업휴학★) 서류는 학생 개인별로 빠짐없이 제출해야 합니다. 학사일정 상 추가 신청은 어려우니 해당 기간 내 신청바랍니다. 기타 문의사항은 창업교육센터 042)821-5958 또는 startupedu@cnu.ac.kr로 연락바랍니다. 감사합니다.",,"2025-08-12 10:52:27",,f20a0082386e0e14e791f345d8fc535d8ccb64c747c633ee13f12c4bf62b4f5e
61,2,,https://plus.cnu.ac.kr/_prog/_board/?mode=V&no=2508367&code=sub07_0709&site_dvs_cd=kr&menu_dvs_cd=0709&skey=&sval=&site_dvs=&ntt_tag=&GotoPage=1,바이오부트캠프 몰입형 교육 고급과정 모집 안내,"바이오의약품인재양성부트캠프사업단에서는 몰입형 교육 고급과정을 아래와 같이 모집하오니, 관심있는 재학생의 많은 참여 바랍니다. [고급과정] 산학연계프로젝트실습PBL(6학점) + 바이오의약품실무 융합전공 전공심화 1개 과목 = 총9학점 고급과정혜택: 이수증발급, 장학금 100만원 지급 [고급 프로그램별 안내] [1] 산학연계프로젝트실습PBL(1618-4018) -대상: 바이오 분야에 관심있는 3~4학년 재학생 누구나 -기간: ~2025. 8. 1.(금) -내용: Project Based Learning 으로 특정 연구개발 주제를 택하여 한 학기 동안 진행 및 성과발표회 참석 -연구분야: 식품영양, 식품공학, 응용화학공학 등 - 신청방법: 붙임의 신청서를 작성하여 bioboot@cnu.ac.kr 송부 [2] 바이오의약품실무 융합전공 전공심화 1개 과목 수강 -바이오의약품인허가심화(1618-3011) - 세포공학(1618-4012) 기타 문의사항은 042-605-3794로 연락 바랍니다.",,"2025-08-12 10:52:33",,a93570454cad139b145da3b1d5b9f6f7e798f1414124974cd8b7d514c16f943b
62,2,,https://plus.cnu.ac.kr/_prog/_board/?mode=V&no=2508314&code=sub07_0709&site_dvs_cd=kr&menu_dvs_cd=0709&skey=&sval=&site_dvs=&ntt_tag=&GotoPage=1,[한화에어로스페이스] R&D 석/박사 산학장학생 채용설명회 안내,"■ 일시 : 2025.07.24( 목 ) 13:00 – 14:00 ■ 장소 : 충남대학교 인재개발원 3 층 , 창의실 ■ 신청대상 : 기계 / 항공 , 전기 / 전자 , SW, AI, 화학 / 화공 , 재료소재공학 R&D 석 / 박사 재학생 ■ 신청방법 : 온라인 신청 * 신청 링크 : https://moaform.com/q/hanwhaaerospace ■ 참여혜택 : 스타벅스 기프트 카드 (3 만원권 ) 제공",,"2025-08-12 10:52:39",,"779414b5068a7572e4eddfe3a7ec6d04513f870f9dd63f59a5e860e03d900cd2"
63,2,,https://plus.cnu.ac.kr/_prog/_board/?mode=V&no=2508307&code=sub07_0709&site_dvs_cd=kr&menu_dvs_cd=0709&skey=&sval=&site_dvs=&ntt_tag=&GotoPage=1,[데이터보안활용COSS] 2학기 수강신청 이벤트,"안녕하세요 데이터보안COSS사업단입니다. COSS교과목을 친구에게 추천하고, 함께 수강하면 ☕커피 쿠폰(4잔)을 드립니다! 2025학년도 2학기에 데이터보안COSS 융합전공 개설 교과목을 확인해보시고, 이벤트에도 참여해보세요! 자세한 내용은 SDU홈페이지( https://url.kr/l8ywia )에서 확인할 수 있습니다. 📍문의처 데이터보안활용COSS사업단: datacoss@cnu.ac.kr/ 042-821-8957~8, 8968~9",,"2025-08-12 10:52:45",,"4b7d7fea1bd251613f90ced318b653a42426845f0be9649cf85f28cc9d7e7cc0"
64,2,,https://plus.cnu.ac.kr/_prog/_board/?mode=V&no=2508283&code=sub07_0709&site_dvs_cd=kr&menu_dvs_cd=0709&skey=&sval=&site_dvs=&ntt_tag=&GotoPage=1,"2025년 키프리스 활용사례 공모전","특허청 지식재산정보 검색 서비스(KIPRIS)의 인지도 제고와 활용 촉진을 위해, 이를 효과적으로 활용한 우수사례 및 아이디어를 발굴하고자 ‘2025 KIPRIS 활용사례 공모전’을 다음과 같이 개최하오니 많은 참여 바랍니다. 자세한 사항은 첨부파일을 참고해주세요~ □ 목적 o KIPRIS의 지식재산정보를 활용한 체험수기 공모전을 통해 우수사례를 발굴하고 KIPRIS에 대한 대민 홍보 및 개선방향 도출 □ 개요 o (공모주제) KIPRIS를 활용한 창의적인 아이디어 발굴 사례 및 선행기술조사·기술동향 파악 등 다양한 분야에서 활용한 우수사례 o (공모대상) KIPRIS 이용자 누구나, 개인 또는 팀(3명 이내) 단위 응모 가능 o (운영일정) ’25. 7. 14.(월) ~ 9월 중 o (제출방법) KIPRIS 홈페이지 ‘KIPRIS 활용사례 공모전’ 배너 클릭 → 제출 서류 작성 후 전자우편(kiprishelp@kipi.or.kr)으로 제출 o (평가기준) 적합성, 충실성, 표현성, 대중성의 총 4개 항목에 따라 평가 o 시상 규모 : 우수사례 3점 선정, 상장 및 상금(경품) 수여",,"2025-08-12 10:52:50",,"22d5c7934e3e40770b22550271015d0321f867512c2246606e0a65f8c5de5fb8"
65,2,,https://plus.cnu.ac.kr/_prog/_board/?mode=V&no=2507781&code=sub07_0709&site_dvs_cd=kr&menu_dvs_cd=0709&skey=&sval=&site_dvs=&ntt_tag=&GotoPage=2,(★연장★)2025 SCOUT 충청권 학생창업 경진대회 참가자 모집(~6/25(수)),"□ 행 사 명: 한국조폐공사와 함께하는 2025 SCOUT 충청권 학생창업 경진대회 □ 주 최: 교육부, 한국연구재단 □ 주 관: SCOUT충청권일반대사업단, 한국조폐공사 □ 본선 일시: 2025. 7. 17.(목) 13:30 ~ 17:30 □ 장 소: 충남대학교 융합교육혁신센터(E5-1) 1층 컨벤션홀 □ 참여대상: 충청권 소재 대학(원)생 개인 또는 팀 ※ 휴학생, 졸업유예 학생 참여 가능 (졸업생 제외) □ 모집분야: 아래 3가지 주제 중 1개 선택하여 지원 ➀ 조폐공사 수행 업무 관련 주제 / ➁ ESG경영 관련 주제 / ➂ 자유주제 □ 신청방법: 구글 폼 작성 ( https://forms.gle/npU2YHcSrKfaRaUm9) □ 제출서류: [붙임 1~3] 참가신청서, 창업아이템소개서, 개인정보 활용제공 동의서 - 반드시 1개의 PDF 파일로 취합하여 제출 - 파일명: SCOUT충청권학생창업경진대회신청서_OO대_팀명(대표자명) 예) SCOUT충청권학생창업경진대회신청서_한국대_스카우트(홍길동) □ 제출기간: 2025. 6. 9.(월) ~ 6. 25.(수) 23:59까지",,"2025-08-12 10:53:54",,b6dfa4207c5778a3616f83e038cc08fca8485775c6b641c928e81ee2148f3366
66,2,,https://plus.cnu.ac.kr/_prog/_board/?mode=V&no=2507778&code=sub07_0709&site_dvs_cd=kr&menu_dvs_cd=0709&skey=&sval=&site_dvs=&ntt_tag=&GotoPage=2,[스마트팜운영자양성사업단] 2025년도 학습동아리 참가자 모집,"안녕하세요. 스마트팜운영자양성사업단에서 스마트농업 관련 취업 & 동아리확동을 희망하는 학생들을 대상으로 2025년도 동아리 참가자를 모집합니다. (원예, 축산, 과수, 기자재 및 AI, 빅데이터 기술 등) 학생들에게 많은 지원과 도움이 될 것이니 많은 참여 부탁드립니다. 1) 모집기간 : 2025. 05. 19. (월) ~ 07. 31. (목) 2) 활동기간 : 동아리 선정 통지 후 ~ 목표 달성 시점 (혹은 25. 12. 05까지) - 장소: 농대 2호관 (상의 후 교육 장소 선정은 자유) - 활동에 필요한 식비, 다과비, 실습재료, 도서구매비, 강사 초빙 (필요에 따라) 등 활동비 지원 3) 제출서류 : [붙임 2] 학습동아리 참가신청서, [붙임 3] 활동계획서 (elkyu0927@cnu.ac.kr) 추가 문의사항 있으시면 042-821-8859 로 연락 주세요.",,"2025-08-12 10:54:13",,"902ee69b857fdc67eead51abfefcb49de15273df008b71eaf50f17ce411ce1d2"
67,2,,https://plus.cnu.ac.kr/_prog/_board/?mode=V&no=2507776&code=sub07_0709&site_dvs_cd=kr&menu_dvs_cd=0709&skey=&sval=&site_dvs=&ntt_tag=&GotoPage=2,[스마트팜운영자양성사업단] 초경량비행장치조종자 자격증 취득교육 참가자 모집 안내,안녕하세요. 스마트팜운영자양성사업단에서 2025년도 초경량비행장치조종자 자격증 (2종) 취득교육 참가자를 모집합니다. 1) 모집기간 : 2025. 06. 02. (월) ~ 07. 20. (일) 2) 교육기간 : 2025. 7. 28. (월) ~ 8. 08. (목) - 농대 오프라인 대면 교육 (농업생명과학대학 1호관 앞 운동장) - 교육비 전액 지원 - 교육 진행 중 포기시 환불조치 - 운전면허 필참 3) 제출서류 : [붙임2] 서류 작성 후 이메일 제출 (elkyu0927@cnu.ac.kr) 추가 문의사항 있으시면 042-821-8859 로 연락 주세요.,,"2025-08-12 10:54:16",,"2cc776d2124031b5bcb1965feb080e861ebeb5b370f6ec4e17c7422c6f919110"
68,2,,https://plus.cnu.ac.kr/_prog/_board/?mode=V&no=2507775&code=sub07_0709&site_dvs_cd=kr&menu_dvs_cd=0709&skey=&sval=&site_dvs=&ntt_tag=&GotoPage=2,[스마트팜운영자양성사업단] ADsP 자격증 취득교육 참가자 모집,안녕하세요. 스마트팜운영자양성사업단에서 2025년도 데이터 분석 준전문가 (ADsP) 자격증 취득교육 참가자를 모집합니다. 1) 모집기간 : 2025. 06. 02. (월) ~ 07. 07. (월) 2) 시험 접수기간 ( 제 46회 ADsP 시험 ) : 2025. 07. 07 (월) - 07. 11 (금) 3) 교육기간 : 2025. 7. 21. (월) ~ 7. 24. (목) - 농대 오프라인 대면강의 (필요에 따라 Zoom으로 보강 및 질문 가능) - 교육비 전액 지원 - 교육 진행 중 중도 포기 불가 4) 제출서류 : [붙임2] 서류 작성 후 이메일 제출 (elkyu0927@cnu.ac.kr) 추가 문의사항 있으시면 042-821-8859 로 연락 주세요.,,"2025-08-12 10:54:19",,c33c2c74bb153149574969a0db9124cccca8ef688c897dc496fc14855bca9f57
69,2,,https://plus.cnu.ac.kr/_prog/_board/?mode=V&no=2507736&code=sub07_0709&site_dvs_cd=kr&menu_dvs_cd=0709&skey=&sval=&site_dvs=&ntt_tag=&GotoPage=2,[데이터보안활용COSS사업단](~6/26까지)AI기반 Skill-Up플랫폼(Percipio기반),"안녕하세요 데이터보안활용혁신융합대학사업단입니다. 자격증 준비를 위한 AI기반 Skill-Up플랫폼(Percipio기반)을 마련하였으니, 많은 관심과 참여 바랍니다. 🎈강좌안내 ①참여대상: 충남대학교 재학생이면 누구나 ②신청방법: 구글폼 접수 ( https://forms.gle/oAvXivUjXf8ixuLb9) ③신청기한:~6월 26일까지 ④문의처: 042-605-8969 ⑤ COSS 사업단 문의 - E. datacoss@cnu.ac.kr T. 042-821-8969 자세한 내용은 충남대학교 데이터보안활용혁신융합대학사업단 공식 홈페이지 ( https://m.blog.naver.com/cnucoss/223898293050) 에서 확인 바랍니다.",,"2025-08-12 10:54:25",,e911fee654c6d10bf5cfea35a8a9919d27563e63a5e18c6e616c307808eefd4d
70,3,,https://plus.cnu.ac.kr/_prog/_board/?mode=V&no=2508588&code=sub07_0705&site_dvs_cd=kr&menu_dvs_cd=0705&skey=&sval=&site_dvs=&ntt_tag=&GotoPage=1,"2025학년도 제2학기 충남대학교 원어민강사 공개채용(3차) 합격자 발표",[2025학년도 제2학기 충남대학교 원어민강사 공개채용(3차) 합격자 발표] 2025학년도 제2학기 충남대학교 원어민강사 공개채용(3차) 합격자 명단을 다음과 같이 안내드립니다. 1. 합격자 명단: 【붙임】 참고 ※ 공고결과가 없는 채용분야는 합격자가 없는 분야이니 참고해 주시기 바랍니다. 2. 합격자 서류 제출: 해당 학과에서 합격자에게 별도 안내 예정 ※ 기타 문의사항은 【붙임】의 각 학과 문의처로 연락하시기 바랍니다.,,"2025-08-12 10:56:17",,"2ed0aac67acb66032a25616dab3b9cc9d411b9acd75781da363e3239729aa02d"
71,3,,https://plus.cnu.ac.kr/_prog/_board/?mode=V&no=2508587&code=sub07_0705&site_dvs_cd=kr&menu_dvs_cd=0705&skey=&sval=&site_dvs=&ntt_tag=&GotoPage=1,"2025학년도 제2학기 충남대학교 겸임교원 공개채용(3차) 합격자 발표",[2025학년도 제2학기 충남대학교 겸임교원 공개채용(3차) 합격자 발표] 2025학년도 제2학기 충남대학교 겸임교원 공개채용(3차) 합격자 명단을 다음과 같이 안내드립니다. 1. 합격자 명단: 【붙임】 참고 ※ 공고결과가 없는 채용분야는 합격자가 없는 분야이니 참고해 주시기 바랍니다. 2. 합격자 서류 제출: 해당 학과에서 합격자에게 별도 안내 예정 ※ 기타 문의사항은 【붙임】의 각 학과 문의처로 연락하시기 바랍니다.,,"2025-08-12 10:56:20",,"4e1a5d3d29231f1d2f59c2b3d333ad4ac81df0c543c1fb2ef3cde6fcac21c832"
72,3,,https://plus.cnu.ac.kr/_prog/_board/?mode=V&no=2508586&code=sub07_0705&site_dvs_cd=kr&menu_dvs_cd=0705&skey=&sval=&site_dvs=&ntt_tag=&GotoPage=1,"2025학년도 제2학기 충남대학교 강사 공개채용(3차) 합격자 발표",[2025학년도 제2학기 충남대학교 강사 공개채용(3차) 합격자 발표] 2025학년도 제2학기 충남대학교 강사 공개채용(3차) 합격자 명단을 다음과 같이 안내드립니다. 1. 합격자 명단: 【붙임】 참고 ※ 공고결과가 없는 채용분야는 합격자가 없는 분야이니 참고해 주시기 바랍니다. 2. 합격자 서류 제출: 해당 학과에서 합격자에게 별도 안내 예정 ※ 기타 문의사항은 【붙임】의 각 학과 문의처로 연락하시기 바랍니다.,,"2025-08-12 10:56:23",,fcaf7e90f010dc0d6e7711e6fa70219ed8c9fe30bbffb7a82ea6c71513a2805a
73,3,,https://plus.cnu.ac.kr/_prog/_board/?mode=V&no=2508584&code=sub07_0705&site_dvs_cd=kr&menu_dvs_cd=0705&skey=&sval=&site_dvs=&ntt_tag=&GotoPage=1,"충남대학교 한시임기제 공무원 6호(사서,시설), 7호(시설), 8호(공업) 경력경쟁채용시험 공고","< 충남대학교 한시임기제 공무원 6호(사서, 시설), 7호(시설), 8호(공업) 경력경쟁채용시험 공고 > 충남대학교에서는 한시임기제 공무원 6호(사서, 시설), 7호(시설), 8호(공업) 경력경쟁채용시험을 공고하오니 유능한 인재의 많은 지원 바랍니다. ◦ 접수기간: 2025. 8. 12.(화) 09:00 ~ 8. 18.(월) 18:00 [12:00~13:00 제외] ◦ 접수방법: 등기우편 접수, 방문 접수, 온라인 접수( https://cnu.korus.kr/) ※ 등기우편접수 시 봉투 겉표지에 ‘경력경쟁채용시험 응시원서 재중’ 기재 ※ 등기우편접수는 접수 마감일 소인분(빠른등기)까지 유효(반드시 익일특급 등기우편 접수), 택배 및 퀵서비스 등을 통한 접수는 하지 않음 ◦ 접수장소: (우 34134)대전광역시 유성구 대학로 99, 충남대학교 대학본부 213호 총무과 경력경쟁채용담당자 앞(경력경쟁채용시험 응시원서 재중) ※ 우편 및 방문접수자의 응시 번호는 서류전형 합격자 발표 전까지 휴대폰 SMS 또는 이메일로 통보할 예정이며, ‘응시표’는 서류전형 합격자에 한하여 면접심사장에서 배포 ◦ 기타 자세한 내용은 충남대학교 총무과(☏ 042-821-5105, 채용담당자)로 문의 ※ 자세한 내용은 [붙임]의 모집 공고 참고",,"2025-08-12 10:56:43",,"7e6cb27905e6f766eef80650c3fcb22ad5d3e235869ce5824b64cc7769524f3b"
74,3,,https://plus.cnu.ac.kr/_prog/_board/?mode=V&no=2508491&code=sub07_0705&site_dvs_cd=kr&menu_dvs_cd=0705&skey=&sval=&site_dvs=&ntt_tag=&GotoPage=2,"2025년도 제7회 충남대학교 국가공무원(공업, 농업) 전입 희망자 모집 재공고","< 2025년도 제7회 충남대학교 국가공무원(공업, 농업) 전입 희망자 모집 재공고 > 충남대학교에서는 다음과 같이 국가공무원(공업, 농업) 전입 희망자를 공개모집 하오니, 참신하고 유능한 인재의 많은 지원 바랍니다. ◦ 채용분야: 공업9급 1명, 농업9급 1명 ◦ 접수기간: 2025. 8. 11.(월) 09:00 ~ 8. 14.(목) 18:00 ◦ 접수방법: 온라인 접수 (KORUS 대외서비스 직원채용: https://cnu.korus.kr/) ◦ 선발방법: 서면 및 면접심사 ◦ 기타 자세한 내용은 충남대학교 총무과(☏ 042-821-5105, 채용담당자)로 문의 ※ 자세한 내용은 [붙임1]의 모집 공고 참고",,"2025-08-12 10:57:15",,ba6ad76d64363614d837fbb00c258c2fc784815ed6cd3dbe9d58b1f1201ed6a0
75,4,,https://plus.cnu.ac.kr/_prog/_board/?mode=V&no=2478341&code=sub07_070808&site_dvs_cd=kr&menu_dvs_cd=070808&skey=&sval=&site_dvs=&ntt_tag=&GotoPage=1,상업적 스터디 모집 홍보 금지,"본 게시판은 구성원들의 자율적인 스터디 모집 및 공모전 참여에 관한 사항을 게시하는 게시판입니다. 통합 공지 게시글에 안내된 바와 같이, 무료 스터디로 홍보하여 결제를 유도하는 상업적인 홍보 게시글은 삭제 처리 되오니 이용에 참고하시기 바랍니다. 건전한 게시판 운영을 위하여 협조 바랍니다.",,"2025-08-12 10:58:03",,"199902dab1d89a16d92aa350ef375443750daca4640cca835df381215a1a59d5"
76,4,,https://plus.cnu.ac.kr/_prog/_board/?mode=V&no=2508448&code=sub07_070808&site_dvs_cd=kr&menu_dvs_cd=070808&skey=&sval=&site_dvs=&ntt_tag=&GotoPage=1,방학동안 스터디 하실 분,각자 자격증 공부 주중 주말 조율 남은 방학 기간 스터디로 마무리 하실분 010-8176-5258 연락 주세요,,"2025-08-12 10:58:06",,f3f1493733b13e1d8e5eb88421ac2a5d6c3b0fbff326ed720fdea5acae5a6bd2
77,4,,https://plus.cnu.ac.kr/_prog/_board/?mode=V&no=2508436&code=sub07_070808&site_dvs_cd=kr&menu_dvs_cd=070808&skey=&sval=&site_dvs=&ntt_tag=&GotoPage=1,방학동안 무료로 영어 배우실 분!,"방학동안에 한국에 있게되어 시간을 알차게 사용하려고 필요하신 분들 있을까 하여 글 올립니다 소수의 몇분들만 더 충원하려고하여 관심있는 분들 문자 주세요! 010-3304-8816 왕왕초보, 영어 아예 노베이스이신 분들, 공부안하신지 오래되신 분들등.. 전혀 상관없습니다~! 회화/토익등등 수준에 맞추어서 알려드릴 수 있습니다 (추후 해외학교 입학 및 어학연수등 여러 도움도 드릴 수 있으니 관심있는 분들의 많은 연락 주세요.)",,"2025-08-12 10:58:09",,c817a018efcb31ec5d5befef9b044717f769127c5bdc4d6cc9aa743c5ab08213
78,4,,https://plus.cnu.ac.kr/_prog/_board/?mode=V&no=2508428&code=sub07_070808&site_dvs_cd=kr&menu_dvs_cd=070808&skey=&sval=&site_dvs=&ntt_tag=&GotoPage=1,"2025 충청권 인디유 공모전 모집","1. 행 사 명: 2025 충청권 인디게임 공모전 인디유 2. 모집기간: 2025. 7. 23.(수) ~ 8. 17.(일) 3. 모집링크: https://cbgame.org/sub.php?code=8&mode=view&no=165&category=&page=1&search=&keyword= 4. 접수방법: E-mail 접수(cbgc_indie@naver.com) 5. 지원자격: 일반분야(대전·충남·충북·세종 거주 일반인) 대학분야(대전·충남·충북·세종 소재 대학교 재학생) 6. 시상규모: 총 20,000,000원(일반부 5팀, 대학부 5팀) 7. 주 최: 대전정보문화산업진흥원, 청주문화산업진흥재단, 충남정보문화산업진흥원 8. 주 관: 충북글로벌게임센터",,"2025-08-12 10:58:28",,"32220c88382f9102de3b51eafa73a432035eceebd105540e250308377eb75433"
79,4,,https://plus.cnu.ac.kr/_prog/_board/?mode=V&no=2508304&code=sub07_070808&site_dvs_cd=kr&menu_dvs_cd=070808&skey=&sval=&site_dvs=&ntt_tag=&GotoPage=1,[환경부/한국수자원공사] 2025 대국민 지하수 빅데이터 공모전,"환경부 주최, 한국수자원공사 주관으로 진행하는 2025 대국민 지하수 빅데이터 공모전 안내드립니다. ㅁ 공 모 명 : 2025 대국민 지하수 빅데이터 공모전 ㅁ 목     적 : 지하수 데이터 활용도 제고 및 창의적 아이디어 발굴 ㅁ 공모주제 : 지하수를 활용한 새로운 사업 기획, 다양한 분야와의 융·복합을 통한 새로운 시도 등 자유 주제 ㅁ 참가자격 : 대한민국 국민 누구나 ㅁ 공모기간 : 25년 6월 25일(수) ~ 7월 30일(수) 24시까지 기타 자세한 사항은 첨부된 포스터 내 QR로 확인 부탁드리며 CNU 가족들의 많은 관심과 참여 부탁드립니다.",,"2025-08-12 10:58:31",,defa6da97d0ea4a7a5a6fa0bd21d211699f1a1c6a4d87bccf7310f91f69014d9
80,4,,https://plus.cnu.ac.kr/_prog/_board/?mode=V&no=2508245&code=sub07_070808&site_dvs_cd=kr&menu_dvs_cd=070808&skey=&sval=&site_dvs=&ntt_tag=&GotoPage=1,[대전관광공사] 디지털 관광 인재 육성 아카데미 (~8.14 까지),"[대전관광공사] 디지털 관광 인재 육성 아카데미 (~8.14 까지) ○ 주최사 / 과정명 대전관광공사 / 2025년 관광업 실무역량 강화 아카데미 ​ ○ 활동내용 관광 데이터 및 A.I를 활용하여 로컬 상권 및 관광을 활성화 할 수 있는 마케팅 전략 기획 역량 강화 프로그램 ​ ○ 모집 기간 홍보 시작일 ~ 8월 14일 (목) 18시까지 ​ ○ 모집 대상(+졸업생 가능여부) - 대전·세종 관광 분야 취업 희망자 - 관광 종사자(예비자) 및 유관기관 종사자 - 대전·세종 소재 대학생 누구나 ○ 교육 기간 2025년 8월 19일 (화) ~ 8월 27일 (수) * 세부 교육일시는 아래 커리큘럼을 참고해주세요 ​○ 프로그램 세부내용 [1회차] 2025.08.19.(화) 13:00 ~ 17:00 ㅣ 4시간 관광 최전선, 데이터로 읽는 여행 트렌드 참가자 오리엔테이션 (O.T) 빅데이터로 보는 관광 트렌드 및 여행 콘텐츠 분석 [2회차] 2025.08.20.(수) 13:00 ~ 17:00 ㅣ 4시간 지역을 살리는 지속가능한 관광 비즈니스 모델 (*노트북 지참) 2025 위치정보 우수 비즈니스 모델 발굴 공모전 수상 사례 발표 (A.I 로컬 탐방 지도 제작 솔루션 '힙플(Hipple)') 최종 마케팅 기획안 작성을 위한 PPT 구조화 및 시각화 스킬 [3회차] 2025.08.21.(목) 13:00 ~ 17:00 ㅣ 4시간 데이터로 보는 관광, 상권을 깨우는 로컬의 힘 (*노트북 지참) S-Biz 상권정보시스템 활용 상권 데이터 분석 실습 한국관광 데이터랩 활용 관광 데이터 분석 실습 [4회차] 2025.08.22.(금) 13:00 ~ 17:00 ㅣ 4시간 실전 관광 A.I 활용 기초 생성형 A.I 시대, 관광업 일하는 방식의 변화 A.I 를 활용한 관광 홍보 이미지 제작 및 디지털 마케팅 기초 [5회차] 2025.08.27.(수) 13:00 ~ 17:00 ㅣ 4시간 대전-세종 지역 관광 활성화 마케팅 기획안 발표 기획안 발표 및 피드백 (개인 또는 팀) 대한민국 최고 A.I 데이터 전문가 명사특강 ○ 참가 비용 유/무 무료교육 ○ 교육 장소 대전세종관광기업지원센터 6층 대회의실 (대전 중구 대종로488번길 54 / 은행동 65-1) ​ ○ 활동 혜택 수료 시, 대전관광공사 명의 수료증 및 시상품 제공 ○ 수료요건 온라인 사전교육 이수 (약 3시간 내외) 오프라인 교육 총 5회 중 3회 이상 출석 ​ ○ 지원 방법 네이버 폼 작성하여 제출 https://naver.me/FYqJezxD ​ ○ 공식 홈페이지 (대전세종관광기업지원센터) http://tourbiz.daejeonsejong.or.kr ​ ○ 문의처 : 프로그램 운영 사무국 Tel. 042-825-7000 ㅣ H.P 010-6799-2203",,"2025-08-12 10:58:50",,d5c75e5bdee36e2c4db9dcc0de60f3ae0b31aedce2e317e5531f87b679926109
81,4,,https://plus.cnu.ac.kr/_prog/_board/?mode=V&no=2508244&code=sub07_070808&site_dvs_cd=kr&menu_dvs_cd=070808&skey=&sval=&site_dvs=&ntt_tag=&GotoPage=1,"2025 대전역마을 도시재생 주민공모사업 우리 마을 사진작가 모집","2025 대전역마을 도시재생 주민공모사업으로 '우리 마을 사진작가'를 모집하고있습니다. 대전역마을 현장지원센터의 지원을 받아 대전 지역 주민들에게 전문 강사의 특강을 제공하고 품평회를 통해 선정된 사진은, 0시 축제 기간 내 사진전 부스에서 전시 기회를 받을 수 있습니다! 🎯 대상: 교육 기간 내 대전 거주자 🗓️ 일정: 7/22~31 (화,목) 10:00~12:00 ※ 29일은 09:00 📍 장소: 대전역 도보 5분 (동구 중동 8-18, 3층) 💵 비용: 무료 📱 준비물: 스마트폰 ✅ 교육 내용: - 스마트폰 사진 촬영 기법 등 이론 - 사진 실습 교육 - 마을 기록하는 이유와 가치 ✅ 혜택: - 전문 강사 교육 - 0시 축제 사진 전시회 참가 기회(품평회를 통해 선정) ✅ 추천 대상: - 방학 기간 중 오전 시간 활용 희망자 - 사진 관련 경험*촬영 사진 전시 경험 희망자 자세한 사항은 첨부파일 내 QR코드 혹은 다음 링크 https://forms.gle/KjGFvfVCqNW5t59d9",,"2025-08-12 10:58:53",,"2bf51f9154a08cf252e821ab5aedbaf88045a7faef53b225df34ab98770c0010"
82,4,,https://plus.cnu.ac.kr/_prog/_board/?mode=V&no=2508196&code=sub07_070808&site_dvs_cd=kr&menu_dvs_cd=070808&skey=&sval=&site_dvs=&ntt_tag=&GotoPage=1,[한국교육환경보호원] 제3기 KEEPA 학교소리단 모집 (~7. 21.(월)),"■ 제3기 KEEPA 학교소리단 모집 한국교육환경보호원은 학교 현장과의 지속적인 소통 체계를 형성하고 학교 중심의 실효성 있는 정책·제도개선을 위하여 『제3기 KEEPA 학교소리단』모집을 다음과 같이 진행하오니, 관심 있는 분들의 많은 신청 바랍니다. ​ ​ ■ 운영 안내 - 활동기간 : 2025. 7.~2026 . 6. (위촉월로부터 12개월) - 활동내용 ① 학교 현장 모니터링 및 정책제안서 작성 (격월 1회) ② 기관 창립기념 포럼, 토론회·간담회 등 주요 기관 행사 참여 ③ 학교소리단 정기 온·오프라인 회의(연1회) 참여 및 사례 공유 ■ 모집안내 - 모집기간 : 2025. 7. 8.(화)~7. 21.(월) (14일간) - 제출서류 : 지원서 1부, 개인정보 수집·이용 및 제공 동의서 1부 - 지원방법 : 제출서류(지원서 1부, 개인정보 수집·이용 및 제공 동의서 1부) 이메일 제출 * 전자우편 제출처 : planning@schoolkeepa.or.kr (파일명은 '제3기 학교소리단 지원서(지원자 이름)'으로 제출) ■ 문의사항 : 한국교육환경보호원 경영기획팀 담당자 (☎043-710-4027)",,"2025-08-12 10:58:56",,"9929681b4c03b0771f5f05bb886f4956e7f9731509867fd50ffca3c849019b32"
83,4,,https://plus.cnu.ac.kr/_prog/_board/?mode=V&no=2508132&code=sub07_070808&site_dvs_cd=kr&menu_dvs_cd=070808&skey=&sval=&site_dvs=&ntt_tag=&GotoPage=1,하나원큐 아이디어 챌린지(대전창조경제혁신센터 × 하나은행 창업경진대회) 모집 공고,"대전창조경제혁신센터는 하나은행과 협업하여 지역 내 우수 청년창업자를 발굴하고 미래 혁신 인재를 육성하기 위해, 일상 속 문제를 해결할 수 있는 '금융서비스 관련 혁신적인 창업 아이디어' 를 주제로 창업경진대회를 개최하오니, 많은 관심과 참여 바랍니다. 가. 공고명: 하나원큐 아이디어 챌린지 (대전창조경제혁신센터 × 하나은행 창업경진대회) 모집 공고 나. 공고·접수기간 : 2025. 7. 14.(월) ~ 7. 31.(금) 18:00 다. 참가대상 1) 고교리그: 관내 고등학생 2) 일반리그: 관내 대학교(원) 재학생 및 관내 거주자 라. 주 제: 일상 속 문제를 해결할 수 있는 금융서비스 관련 혁신적인 창업 아이디어 마. 선정규모: 대상 2점, 우수상 4점, 장려상 7점 / 총 13점 / 총상금 500만원 바. 협업기관: 하나은행 사. 신청방법 : 붙임 신청서류 양식 작성 후 이메일 제출( irek1742@ccei.kr ) ​아. 문 의 처 : 글로벌상생협력실(042-385-0636) >> 모집공고 바로가기 https://ccei.creativekorea.or.kr/daejeon/custom/notice_view.do?no=35769÷_code=&pn=1&kind=my&sPtime=now&sMenuType=&pagePerContents=8&cmntySeqNum=&menuSeqNum=&storyList=&sdate=&edate=&orderByVal=1&title=",,"2025-08-12 10:58:59",,"6d0955e64128a247ef8893c5f26e0d00204f821c3802c9f83f07e8977be59f92"
84,4,,https://plus.cnu.ac.kr/_prog/_board/?mode=V&no=2508100&code=sub07_070808&site_dvs_cd=kr&menu_dvs_cd=070808&skey=&sval=&site_dvs=&ntt_tag=&GotoPage=1,"2025 인스타 'YURAM' 여행 굿즈 나눔 이벤트 안내","안녕하세요! 여행 컨텐츠 개발 및 굿즈 제작팀 ""유람(YURAM)""입니다✈️ 2025년 최장기간 장마철을 대비하여 유람이 자체제작한 데오드란트를 여러분들께 무료로 나눠드리는 이벤트를 진행하고 있습니다! 현재 참여자가 저조하여 게시글을 올리게 되었습니다. 참여해주시면 상품도 지급해드리오니, 많은 참여 부탁드립니다 :) ⏰소요시간 :❗️30초❗️ 🎁참여해주시는 모든 분들께는 데오드란트를 비롯하여 여름철에 사용하기 좋은 이벤트 상품을 제공해드릴 예정이고, 소진 시에는 스타벅스 기프티콘, 편의점 교환권 등 소소하게 하나를 추첨드리고 있습니다👍🏻 ➡️[폼 링크] https://moaform.com/q/7SWjkd (※ 인스타) https://www.instagram.com/yu_ram__?igsh=Zjh2dDI1YmVxZDVi&utm_source=qr 관심 있으신 분들은 많은 참여부탁드립니다! :) ※사칭 및 사기(종교,금전요구 등)을 금합니다.",,"2025-08-12 10:59:02",,fd0579f0f71869ff0aed68f7ca7fa5f4b2de76533567fb20a5c808c0499a5132
85,4,,https://plus.cnu.ac.kr/_prog/_board/?mode=V&no=2508035&code=sub07_070808&site_dvs_cd=kr&menu_dvs_cd=070808&skey=&sval=&site_dvs=&ntt_tag=&GotoPage=2,"2025년 유성구청소년수련관 캐릭터 공모전 안내","1. 기 간: 2025. 5. 13. ~ 12. 20. ○ 접수기간: 2025. 5. 13.(화) ~ 9. 1.(월) ○ 수상자 시상: 12. 20.(토) 예정 2. 대 상: 누구나(개인 또는 팀) 3. 주요내용: 유성구청소년수련관을 대표할 수 있는 홍보용 캐릭터 공모 ○ 유성구청소년수련관을 대표할 수 있는 캐릭터 ○ 유성구청소년수련관 CI를 활용한 캐릭터 ○ 청소년이 공감 할 수 있는 친근하고 활기찬 캐릭터 4. 시상계획: 금1,000,000원(금일백만원) ○ 최우수상: 상장 및 250,000원 상당 상품권 ○ 우 수 상: 상장 및 150,000원 상당 상품권 ○ 장 려 상: 상장 및 50,000원 상당 상품권 5. 신청방법: 수련관 홈페이지 내 신청서 작성 후 이메일제출 6. 문의사항: 미래사업팀 042)820-8912",,"2025-08-12 10:59:08",,a940845e387928dcbb1893cb34b7be18795f57eece20808d57cf4ef55619e78d
86,4,,https://plus.cnu.ac.kr/_prog/_board/?mode=V&no=2508027&code=sub07_070808&site_dvs_cd=kr&menu_dvs_cd=070808&skey=&sval=&site_dvs=&ntt_tag=&GotoPage=2,일요일 13일 4대4 족구 뜨실분,저희 4명 그쪽 4명 족구 하실분 연락 해주십쇼 저희 스파이크 못하는 수준 정도 코트는 카이스트 체육강당 저희가 빌릴거고 공 네트 다 있어요 카톡 아이디 jsh5360,,"2025-08-12 10:59:12",,"2d31e52ee68c02a9db2ab4d2e49af03651e981661dd468ddafa0a112106ed4ae"
87,4,,https://plus.cnu.ac.kr/_prog/_board/?mode=V&no=2507990&code=sub07_070808&site_dvs_cd=kr&menu_dvs_cd=070808&skey=&sval=&site_dvs=&ntt_tag=&GotoPage=2,"2025년 보훈 공공데이터 활용 및 데이터 분석 공모전 응모기간 연장 안내",ㅇ 응모기간(연장) : 2025. 5. 1. ~ 2025. 7. 16. (수) 18시 ㅇ 응모방법 : mpvaDATA@korea.kr 계정으로 전자우편 송부 * 기타 공모 주제 등 세부사항 : 붙임 공고문 또는 대회 홈페이지 참조,,"2025-08-12 10:59:14",,"3f2d8d29336580bd67b5d8ee0ef86e330677f81731ac2094922737a282f9c453"
88,4,,https://plus.cnu.ac.kr/_prog/_board/?mode=V&no=2507986&code=sub07_070808&site_dvs_cd=kr&menu_dvs_cd=070808&skey=&sval=&site_dvs=&ntt_tag=&GotoPage=2,"2025년 충북혁신도시 공공데이터 분석·활용 아이디어 공모전","1. 공모전 개요 ㅇ 명 칭 : 2025년 충북혁신도시 공공데이터 분석·활용 아이디어 공모전 ㅇ 참가자격 : 전 국민 누구나(개인 또는 4인 이내 팀) ㅇ 공모주제 : 주최기관이 개방하고 있는 공공데이터를 활용하여 충북지역 사회 발전 및 현안 해결에 대한 아이디어를 자유롭게 제시 ㅇ 접수기간 : 2025. 5. 16.(금) ~ 7.10.(목) ※ 당초 접수기간이 6.30.(월)까지였으나 10일 연장 ㅇ 제출방법 : 온라인 접수(네이버 폼 : naver.me/FmfD2WOR) ㅇ 시상내역 : 최우수 100만원(3팀), 우수 50만원(3팀), 장려 30만원(3팀) 2. 문의 : 공모전 운영 사무국(02-2233-4016, data@intoinmedia.com)",,"2025-08-12 10:59:18",,"9ded7e8120b9907d301f4ce802942e195d5c8ba66bc401776a6968334a51ef4c"
89,4,,https://plus.cnu.ac.kr/_prog/_board/?mode=V&no=2507898&code=sub07_070808&site_dvs_cd=kr&menu_dvs_cd=070808&skey=&sval=&site_dvs=&ntt_tag=&GotoPage=2,???? 포트폴리오용 디자인 실습 소모임 모집,"안녕하세요 저는 충남대 영문학과 4학년이고, 전공과는 다르게 3D 그래픽 디자이너로 취업 준비 중인 학생입니다. 취준하면서 크몽 같은 프리랜서 플랫폼으로 소소하게 용돈벌이도 하려 하는데요, 강의 포트폴리오가 없어서 이참에 하면서 강의안과 포폴을 준비해보려 합니다 ✔️ 소모임은 어떻게 진행 되나요? ✅ 강의는 무료로 진행됩니다 제가 강의는 초짜라 무료로 진행하는 대신 강의에 대한 피드백 주셔야 하구요, 소모임이 다 끝난 후 크몽에 올릴 후기만 잘 써주시면 됩니다. ✅ 배워보고 싶은 주제 골라서 신청하기 👉 신청은 네이버폼으로 간단하게 받고 있어요. ✅ 4명이상 모이면 바로 진행 신청자 4명이 안 모이면 아쉽지만 강의는 진행하지 않습니다 📚 실습 주제 목록(택1) 1. 포토샵 – 사진 합성 / 보정 / 간단한 포스터 제작 2. 일러스트레이터 – 로고 제작 실습 3. 망고보드 – 초보자도 쉽게 만드는 인스타 피드 & 유튜브 썸네일 팁 4. 디지털 드로잉 – 프로크리에이트로 굿즈 제작 스케치 🕒 모집기간 ~ 7월 첫째 주까지! (그 전에 4명 이상 모이면 바로 시작합니다.) ✍️ 신청 방법 아래 네이버폼 링크로 신청해주세요. 모집 마감 후 개별 연락 드립니다. ✅ [신청 폼 바로가기] https://naver.me/57Q5Ajcm 그 외 궁금하신 사항들은 모두 오픈채팅방으로 문의 바랍니다. 답장 최대한 빠르게 해드릴게요 👉https://open.kakao.com/o/snkeOpEh 📌 포토샵, 일러스트, 망고보드 직접 결제하셔야 합니다. 제가 갖고 있는건 포토샵, 일러스트 크랙밖에 없습니다. 공유 해드릴 수는 있습니다 . 📌 더 배우고 싶으신 것 있으시면 알려주세요, 저도 같이 배워볼게요(참고로 블렌더 모델링 연습중) 📌 강의는 실습 질의응답 즉각 피드백을 위해 대면으로 진행합니다. 상황에 따라 줌 병행할 수 있습니다. 실습 장소는 갈마동 청춘스럽, 아니면 둔산동 청춘정거장 이용할 예정입니다! 포폴 노션👉https://www.notion.so/222749813dd680258392e2bfebe33e8a?source=copy_link",,"2025-08-12 10:59:37",,"49c8319d70a9daad704d5d76b18d3c209906a538e57265c0a03efa658245596e"
90,4,,https://plus.cnu.ac.kr/_prog/_board/?mode=V&no=2507855&code=sub07_070808&site_dvs_cd=kr&menu_dvs_cd=070808&skey=&sval=&site_dvs=&ntt_tag=&GotoPage=2,[대전관광공사] 관광업 실무역량 강화 아카데미 교육생 모집 (~7.16 까지),"[대전관광공사] 관광업 실무역량 강화 아카데미 교육생 모집 (~7.16 까지) ○ 주최사 / 과정명 대전관광공사 / 2025년 관광업 실무역량 강화 아카데미 ○ 활동내용 관광업 종사자를 대상으로 진행하는 관광 상품 기획 고도화 · 온라인 판로개척 등의 실무 역량 강화 프로그램 ○ 모집 기간 2025년 6월 24일 (화) ~ 7월 16일 (수) ○ 모집 인원 선착순 50명 이내 ○ 모집 대상(+졸업생 가능여부) - 대전·세종 관광 분야 취업 희망자 - 관광 종사자(예비자) 및 유관기관 종사자 - 대전·세종 소재 대학생 누구나 ○ 교육 기간 2025년 7월 22일 (화) ~ 7월 30일 (수) * 세부 교육일시는 아래 커리큘럼을 참고해주세요 ○ 프로그램 세부내용 [1회차] 2025.07.22.(화) 13:00 ~ 17:00 ㅣ 4시간 팔리는 관광상품 기획 및 니즈 발굴 노하우 : 내 비즈니스를 관광 콘텐츠로 바꾸기 참가자 오리엔테이션 (O.T) 명사특강 : 팔리는 관광 콘텐츠! 관광벤처 명사 특강 빅데이터를 활용한 관광객 니즈 분석 및 기획 방향 도출 [2회차] 2025.07.23.(수) 13:00 ~ 17:00 ㅣ 4시간 소비자를 사로잡는 관광 상품 설계법 : 여행자가 선택하는 상품은 따로 있다 ! 콘텐츠 구성 · 가격 · 스토리텔링 기반 상품 기획 전략 타겟 고객 설정에 따른 상품 매력도 및 구매전환 강화 실습 [3회차] 2025.07.24.(목) 13:00 ~ 17:00 ㅣ 4시간 네이버 스마트 스토어 진입 전략 : 온라인 판로 개척 ! 나만의 디지털 매장 구축하기 네이버 생태계의 이해 및 스마트 스토어 입점 실습 (*과제물 : 통신판매업 신고) AI 도구를 활용한 상세페이지 기획 및 키워드 설계 노하우 [4회차] 2025.07.25.(금) 13:00 ~ 17:00 ㅣ 4시간 실전 스마트 스토어 상품등록 : 직접 등록하고 관리하는 나만의 관광상품 상품등록 실습 (나만의 관광 상품 상세 페이지 제작) 재구매를 부르는 디지털 고객 응대 및 후기 관리 시뮬레이션 [5회차] 2025.07.30.(수) 13:00 ~ 17:00 ㅣ 4시간 기획 상품 발표 및 온라인 판매 확대 방법 : 기획에서 판매까지, 실전으로 검증받다 ! 개인별 기획 상품 발표 및 전문가 피드백 온라인 마케팅 전략과 실전 마케팅 사례 특강 ○ 참가 비용 유/무 무료교육 ○ 교육 장소 대전세종관광기업지원센터 교육장 (대전 중구 대종로488번길 54 / 은행동 65-1) ○ 활동 혜택 수료 시, 대전관광공사 명의 수료증 및 시상품 제공 ○ 오프라인 모임 횟 수 오프라인 교육 5회 (20시간) ○ 지원 방법 네이버 폼 작성하여 제출 https://naver.me/xktf1JUk ○ 공식 홈페이지 (대전세종관광기업지원센터) http://tourbiz.daejeonsejong.or.kr ○ 문의처 : 프로그램 운영 사무국 Tel. 042-825-7000",,"2025-08-12 10:59:40",,"8df0b93af3ddb1362dfab16f26ae3fd3e72c8e16adb668d90000d2bd06a8a295"
91,4,,https://plus.cnu.ac.kr/_prog/_board/?mode=V&no=2507660&code=sub07_070808&site_dvs_cd=kr&menu_dvs_cd=070808&skey=&sval=&site_dvs=&ntt_tag=&GotoPage=2,"2025년 디지털윤리 창작콘텐츠 공모전 안내","1. 공 모 명 : 2025년 디지털윤리 창작콘텐츠 공모전 2. 공모부문 및 대상: 붙임문서 참조 3. 공모기간 : '25년 6월 2일(월) ~ 10월 2일(목) 4. 제출방법 : 디지털윤리.kr에서 온라인 접수 5. 시상규모 : 대통령상, 국무총리상, 방통위원장상, 교육부장관상 등 총 25점 (총 상금 2,050만원) 6. 결과발표 : '25년 11월(예정) 7. 시 상 식 : '25년 12월(예정)",,"2025-08-12 10:59:42",,d7734010715afa78f8c97c3fea89431583b397e25b2b325da6790d8d89b3ed37
92,4,,https://plus.cnu.ac.kr/_prog/_board/?mode=V&no=2507595&code=sub07_070808&site_dvs_cd=kr&menu_dvs_cd=070808&skey=&sval=&site_dvs=&ntt_tag=&GotoPage=2,안전한 학교 공모전 안내,○ 접수기간 : ’25. 6. 5.～7. 18. ○ 공모주제 : 학교안전사고 예방 관련 자유 주제 ○ 공모부문 및 참가대상 ① 학교안전 정책 제안(만19세 이상 대한민국 국민)② 안전교육 우수사례(유·초·중·고 교직원) ③ 학교안전 합창대회(유·초·중·고 학생 및 지도교사 1인) ※ 자세한 사항은 첨부파일을 참고하시기 바랍니다.,,"2025-08-12 10:59:45",,"81303d3d2d26e55c7cfe1699460f7091161f0738f30a7c6fb97655a01e523123"
93,4,,https://plus.cnu.ac.kr/_prog/_board/?mode=V&no=2507570&code=sub07_070808&site_dvs_cd=kr&menu_dvs_cd=070808&skey=&sval=&site_dvs=&ntt_tag=&GotoPage=2,[대전관광공사] 2025년 로컬 기획자 양성과정 교육생 모집 (~6.30),"대전관광공사에서 대전 및 세종 지역의 콘텐츠를 발굴하고 직접 개발하는 로컬 콘텐츠 기획자 양성과정 교육생을 모집합니다! ○ 주최사 / 활동명 대전관광공사 / 로컬 콘텐츠 기획자 양성과정 ​ ○ 활동내용 대전 및 세종 지역의 로컬 콘텐츠 기획자 양성을 위한 전문인력 양성 교육 프로그램 - 관광트렌드, 관광상품 개발, 프로젝트 기획법, PPT 제작방법 등 ​ ○ 모집 기간 2025년 6월 9일 (월) ~ 6월 30일 (월) ​ ○ 모집 인원 선착순 50명 이내 ​ ○ 모집 대상(+졸업생 가능여부) -  대전·세종 관광 분야 취업 희망자 -  관광 종사자(예비자) 및 유관기관 종사자 -  대전·세종 소재 대학생 누구나 ​ ○ 참가 비용 유/무 무료교육 ​ ○ 우대 사항 해당사항 없음 ​ ○ 교육 장소 대전세종관광기업지원센터 교육장 (대전 중구 대종로488번길 54 / 은행동 65-1) ​ ○ 교육 기간 2025년 7월 2일 (수) ~ 7월 11일 (금) * 세부 교육일시는 포스터를 참고해주세요 ​ ○ 활동 혜택 수료 시, 대전관광공사 명의 수료증 및 시상품 제공 ​ ○ 오프라인 모임 횟 수 오프라인 교육 5회 (20시간) ​ ○ 지원 방법 네이버 폼 작성하여 제출 https://naver.me/Fc57CU3Q ​ ○ 공식 카페/블로그 및 SNS http://tourbiz.daejeonsejong.or.kr/kr/index.php ​ ○ 문의처 프로그램 운영 사무국 Tel. 042-825-7000 H.P 010-6799-2203 ​",,"2025-08-12 10:59:49",,dc78a9f3f8a249fb226b58b2bcd2be3a4564cc2dab239e71d5abd767f7d68d16
94,4,,https://plus.cnu.ac.kr/_prog/_board/?mode=V&no=2506985&code=sub07_070808&site_dvs_cd=kr&menu_dvs_cd=070808&skey=&sval=&site_dvs=&ntt_tag=&GotoPage=2,[팀원 모집] CNU 생성형 인공지능 챌린지에 함께 참여할 팀원을 모집합니다!,"안녕하세요! 충남대학교에서 열리는 생성형 인공지능 챌린지(~5/16)에 함께 도전할 팀원을 모집합니다. 이런 분을 찾습니다! 전공 무관: 인문, 사회, 자연, 공학 등 모든 전공 환영! AI에 관심이 있거나, 대학 내 불편함/문제를 직접 경험해본 분 새로운 아이디어를 함께 고민하고, 즐겁게 협업할 분 카카오톡 오픈 채팅방으로 문의 부탁 드립니다! https://open.kakao.com/o/sK6fTavh 저도 AI에 대해 이제 막 관심을 갖는 단계라서 함께 고민하고, 서로의 경험과 시각을 모아 즐겁게 대회 준비할 수 있으면 좋겠습니다!",,"2025-08-12 10:59:53",,"8de6f6b9d248b072c52b74cc23dab1814e9b9028d0644c2fc55d3c57a0800d2a"
95,5,,https://plus.cnu.ac.kr/_prog/recruit/index.php?mode=V&site_dvs_cd=kr&menu_dvs_cd=07080401&gubun=1&mng_no=97280&skey=&sval=&GotoPage=1,맘스터치 죽동점 아르바이트 직원 모집,"TAB MENU 구인 구직 ﻿ 구인 게시판 보기 맘스터치 죽동점 아르바이트 직원 모집 구분 구인 업체명 맘스터치 죽동점 작성자 최** 업태 급여 시급 10,030원 근무시간 아래내용 참조 모집기간 2025-08-12 ~ 2025-08-19 연락처 010-2406-0329 등록일시 2025.08.12 맘스터치 죽동점에서 아르바이트 직원 모집합니다. ▶ 모집분야 및 근무시간 - POS : 수, 목, 금 (17시 ~ 22시) / 금 (11시 ~ 17시) - 주 방  : 월, 화 (11시 ~ 14시) /  월, 목 (17시 ~ 22시) 문자(이름, 나이, 거주지, 근무희망 요일 및 시간, 면접가능일, 알바경력 간단히) 남겨주시면 연락할께요. 6개월 이상 근무 가능한 분 지원 바랍니다. 목록 수정 ﻿ 페이지 관리자 | 대외협력실(6991) 관리자메일",,"2025-08-12 10:59:59",,"06edcd42f29a8e428df9bd5138104153c131c1cd8f867c2ff2dfd1d62765dbef"
96,5,,https://plus.cnu.ac.kr/_prog/recruit/index.php?mode=V&site_dvs_cd=kr&menu_dvs_cd=07080401&gubun=1&mng_no=97279&skey=&sval=&GotoPage=1,since1995 청명학원에서 과학 선생님을 모십니다.,"TAB MENU 구인 구직 ﻿ 구인 게시판 보기 since1995 청명학원에서 과학 선생님을 모십니다. 구분 구인 업체명 청명학원 작성자 전* 업태 교육업 급여 월급 3,000,000원 근무시간 오후 3시~11시 모집기간 2025-08-12 ~ 2025-08-29 연락처 010-4441-4956 등록일시 2025.08.12 자격 요건 - 3년이상 경력자 대우 - 대학졸업자 또는 예정자 근무조건 - 고용형태: 전임강사 및 파트강사 - 급여: 면접 후 결정 '전임강사의 경우 비율제 적용, 최저 월급 3,000,000 보장: 보장 기간 1년' '파트강사의 경우 시급제 적용, 최저 시급 20,000부터, 면접 후 결정' 근무지 - 대전 중구 보문산로 255 (청명학원) 근무요일 - 전임: 월~금 주5일 근무 - 파트: 월~금 주5일 중 협의 접수기간 ~2025.08.29 22시 이전까지 제출서류 이력서 접수방법 (E-mail 접수) skelton99@naver.com 전형절차 1차. 서류 2차. 면접(필요시 시범강의) 3차. 최종합격 * 좋은 마인드를 가진 백마인을 만나길 소망해 봅니다. 목록 수정 ﻿ 페이지 관리자 | 대외협력실(6991) 관리자메일",,"2025-08-12 11:00:02",,"928b1b783274d94fa8888238f8b26ccd7ca0aaa16ff5ddabffb2689dfd0171b6"
97,5,,https://plus.cnu.ac.kr/_prog/recruit/index.php?mode=V&site_dvs_cd=kr&menu_dvs_cd=07080401&gubun=1&mng_no=97278&skey=&sval=&GotoPage=1,"재수생남 과학,고1여 영어 과외쌤구해요","TAB MENU 구인 구직 ﻿ 구인 게시판 보기 재수생남 과학,고1여 영어 과외쌤구해요 구분 구인 업체명 토탈과외정보 작성자 송** 업태 급여 월급 350,000원 근무시간 협의 모집기간 2025-08-11 ~ 2025-08-18 연락처 010-4805-4127 등록일시 2025.08.11 수업이두개있습니다. ●첫번째수업 재수생남 과학 생투 물원 주2번1시간30분45만 요일시간관계없음 동구가양동 흥룡초동 근처 ●두번째수업 고1여주2번1시간3분영어35 서대전여고학생 중구문화동 위수업 가능하신쌤은 학교.전공.학년.이름. 경력사항 문자로 주세요(010 4805 4127) ●토탈과외정보● 목록 수정 ﻿ 페이지 관리자 | 대외협력실(6991) 관리자메일",,"2025-08-12 11:00:37",,f016b7342c5f9781d2e3d11100952b1080a57e97e30b41d2e6bb09d7af54ac04
98,5,,https://plus.cnu.ac.kr/_prog/recruit/index.php?mode=V&site_dvs_cd=kr&menu_dvs_cd=07080401&gubun=1&mng_no=97277&skey=&sval=&GotoPage=1,[(주)해본사람들] 청소년 진로교육 프리랜서 강사 커넥터 모집(~8.22(금),"TAB MENU 구인 구직 ﻿ 구인 게시판 보기 [(주)해본사람들] 청소년 진로교육 프리랜서 강사 커넥터 모집(~8.22(금) 구분 구인 업체명 (주)해본사람들 작성자 민** 업태 교육 급여 시급 30,000원 근무시간 08:30 ~ 14:00 모집기간 2025-08-04 ~ 2025-08-22 연락처 042-587-1213 등록일시 2025.08.11 <모집 형태 및 활 동내용> -모집 형태: (주)해본사람들 소속 프리랜서 강사 *출강 학교와 일정을 조정하여 진행하기 때문에 가능하신 일정에 맞추어 자유로운 활동이 가능합니다. -활동 내용: 중,고등학생 대상 강의(진로교육 프로그램) -활동 혜택: 강의 교안 및 PPT 제공, 무료 강의 교육 제공, 교육 수료증 발급, 강사증 발급, 카풀 제공 <커넥터 소개> 우리는 아이들이 보다 건강한 방향으로 세상에 연결되어 자신만의 플레이로 삶을 꾸려 나가길 바랍니다. 커넥터는 해본사람들의 진로 교육 강사를 칭하며 해본사람들의 교육 콘텐츠에서 제공하는 관점을 토대로 정리한 강사의 경험과 해본사람들의 교육 콘텐츠를 활용하여 청소년을 대상으로 진로 프로그램을 운영합니다. <해본사람들 소개> 해본사람들은 일상에서 겪는 경험들이 각자에게 유의미한 삶의 성장으로 연결될 수 있도록, 과거경험 해석과 미래경험 설계를 돕는 진로 프로그램과 행사 등을 운영하고 있습니다. 2017년부터 약 46개 기관과 400개 학교의 약 80,000여 명의 청년, 청소년과 함께하였습니다. <지원 자격 (이런 분을 찾습니다.)> 커넥터 교육 과정을 지각없이 참여하고 교육과정 속 가이드를 성실히 이행할 책임감 소유자! 아이들과 유쾌하게 소통하고 재밌는 레크레이션을 진행할 수 있는 에너지 소유자! <모집 내용> 모집 일자 2025.08.04(월) ~ 08.22(금) 10:00 <전형 단계 및 제출 서류> 전형 단계 : 서류전형 > OT 및 교육 > 시연강의 > 학교 출강 > 최종합격 ※ 주의사항: 노쇼방지를 위해 보증금 있음 상세한 내용은 아래 링크를 통해서 확인하실 수 있습니다. 모집 공고 링크: https://abit.ly/66ryxs 모집 공고 바로가기 모집공고 내 지원링크를 통해 설문 제출 목록 수정 ﻿ 페이지 관리자 | 대외협력실(6991) 관리자메일",,"2025-08-12 11:00:39",,f8adcf38da7bd4603fcd496b9aed698d512fe3242f0b3dbe08cb0fa4292d5c5d
99,5,,https://plus.cnu.ac.kr/_prog/recruit/index.php?mode=V&site_dvs_cd=kr&menu_dvs_cd=07080401&gubun=1&mng_no=97276&skey=&sval=&GotoPage=1,(5만원) 임상시험 알바,"TAB MENU 구인 구직 ﻿ 구인 게시판 보기 (5만원) 임상시험 알바 구분 구인 업체명 충남대학교 운동기능학 실험실 작성자 송** 업태 급여 일급 50,000원 근무시간 3시간 모집기간 2025-08-11 ~ 2025-09-30 연락처 042-821-7427 등록일시 2025.08.11 첨부파일 임상시험 모집.jpg 대전엔도내과 방문 후 DXA 측정(체지방 측정) 후 충남대학교 운동기능학실험실 방문 후 체성분 측정 및 보행검사, 균형검사, 근력검사를 진행합니다. 총 소요시간은 1시간 30분 ~ 2시간(이동시간 제외)이며, 연령은 만 7세 이상 가능합니다. 참여 시 5만원을 지급해드리고 있으며, 키와 몸무게를 기준한 BMI에 따라 인원을 모집하고 있어 BMI별 조기 인원마감이 될 수 있습니다. (40kg 미만 80kg초과의 몸무게 분들은 모집자리가 아직 많으니 많은 지원해주세요) 참가모집은 12월까지 진행되며, 많은 참가 부탁드립니다. 참가신청 및 자세한 문의사항은 첨부파일에 있는 모집공고문 QR을 통해 채널 추가 후 가능합니다! 감사합니다! 목록 수정 ﻿ 페이지 관리자 | 대외협력실(6991) 관리자메일",,"2025-08-12 11:00:42",,"48c41b77c3f0631ae19e938c1cde2db18ab263a9057f3b7662a760259c7bafb0"
100,5,,https://plus.cnu.ac.kr/_prog/recruit/index.php?mode=V&site_dvs_cd=kr&menu_dvs_cd=07080401&gubun=1&mng_no=97275&skey=&sval=&GotoPage=1,데일리 튜터 채용 공고,"TAB MENU 구인 구직 ﻿ 구인 게시판 보기 데일리 튜터 채용 공고 구분 구인 업체명 월평 에듀플렉스 작성자 문** 업태 학원 급여 시급 10,030원 근무시간 화, 수, 목 19:30~22:30 모집기간 2025-08-11 ~ 2025-08-31 연락처 010-4441-8854 등록일시 2025.08.11 <데일리 튜터 채용 공고> ▣ 근무기간: 6개월 이상 ~ 1년 ▣ 근무요일 및 시간: - 근무요일 : 9월 근무시작 화, 수, 목 3일 근무 (이후 점차 근무일수 늘리기 가능) - 근무시간 : 19:30~22:30 [3시간] - 교육은 근무 시작 이전 날들중 하루 한시간 진행 ▣ 급여: - 시급 10,030 / 수습기간 이후 승진 ▣ 담당업무 : 에듀플렉스에 머물며 공부하는 아이들 그날의 학습 점검과 질문해결 한명당 15분씩 점검해주는 형태로 3시간 동안 근무 진행 1. 학생들의 학습 플랜 대로 학습했는지 점검 (과목별 시간, 문제집 문제 풀이와 채점 여부 등) 2. 학습 내용 점검 (학습 이해도 확인 - 역질문, 백지테스트 등) 3. 학생들의 학습 이해도 점검 이후 재학습 할 수 있도록 학습 동기 부여 제공 ▣ 근무 장소: 월평 에듀플렉스 (대전 서구 청사서로 26 602호) ▣ 근무조건 - 학력 : 4년제 대학 재학중 이상 (휴학생 가능) (고등 과탐 가능하신분 찾고있습니다ㅠ) - 경력 및 나이 무관하며 책임감 있고 성실한 분 - 아이들에게 긍정적인 에너지를 줄 수 있는 분이라면 누구나 지원 가능 -특히 고등 과학탐구와 수학 과목 가능하신분 우선⭐️ 목록 수정 ﻿ 페이지 관리자 | 대외협력실(6991) 관리자메일",,"2025-08-12 11:00:44",,"2141542f144b6f6e02b4cf25a21b90c1e53a7d775d62971834b958b65ef08da1"
101,5,,https://plus.cnu.ac.kr/_prog/recruit/index.php?mode=V&site_dvs_cd=kr&menu_dvs_cd=07080401&gubun=1&mng_no=97274&skey=&sval=&GotoPage=1,수학 선생님을 모집합니다.,"TAB MENU 구인 구직 ﻿ 구인 게시판 보기 수학 선생님을 모집합니다. 구분 구인 업체명 파스칼학원 작성자 강** 업태 수학학원 급여 시급 25,000원 근무시간 2시30분~8시30분 모집기간 2025-08-11 ~ 2025-08-15 연락처 010-4807-6565 등록일시 2025.08.11 유성구 관평동에 위치한 수학학원입니다. 수학 파트타임 및 전임강사를 모집합니다. 대상: * 초.중등부 파트강사 :​ 1) (화,목)     3시 ~10시/ 5시~10시 2) (월,수,금)   3시30분 ~8시30분 시급: 20000원~25000원 / 졸업예정자 또는 유경험자 * 중.고등부 전임강사: 요일, 시간 및 페이 면담 후 결정 /  최고대우^^ ⊙ 전화 문의: 010-4807 -6565 / 선생님 연락처를 문자로 남겨주시면 연락 드리겠습니다. kjgj12@hanmail.net 으로 이력서 제출해주세요^^ (연락처 기입) 목록 수정 ﻿ 페이지 관리자 | 대외협력실(6991) 관리자메일",,"2025-08-12 11:00:46",,"893823b91f7df51de8278bbab51d428d27dbc6db31daa04db8d68cb6909acf99"
102,5,,https://plus.cnu.ac.kr/_prog/recruit/index.php?mode=V&site_dvs_cd=kr&menu_dvs_cd=07080401&gubun=1&mng_no=97273&skey=&sval=&GotoPage=1,"2025 인구주택총조사 조사요원을 모집합니다.","TAB MENU 구인 구직 ﻿ 구인 게시판 보기 2025 인구주택총조사 조사요원을 모집합니다. 구분 구인 업체명 대전광역시 유성구청 작성자 신** 업태 통계조사 급여 일급 80,240원 근무시간 하단 포스터 및 내용에 자세히 기재 모집기간 2025-08-11 ~ 2025-09-17 연락처 042-611-2034 등록일시 2025.08.11 첨부파일 2025 인구주택총조사 조사요원 모집 공고 및 응시원서 등.hwpx 5년마다 실시하는 대규모 조사, 2025 인구주택총조사 조사요원을 모집합니다. ○ 모집기간 - 조사요원(조사관리자 및 조사지원담당자) : 2025. 8. 11.(월) ~ 8. 22.(금) - 조사원 : 2025. 8. 11.(월) ~ 9. 17.(수) ○ 모집대상 : 만18세이상 조사에 전념할 수 있고, 태블릿 및 스마트기기 활용이 가능한 자 ○ 채용기간 - 조사요원(83,230원/1일) : 2025. 10. 13.(월) ~ 11. 20.(목) - 조사원(80,240원/1일) : 2025. 10. 31.(금) ~ 11. 18.(화) ○ 신청방법(택1) - 인구주택총조사 홈페이지 / 2025 인구주택총조사 홈페이지에 오신것을 환영합니다. - 담당자 이메일(rldnjs0822@korea.kr) ※ 자세한 사항은 아래 붙임파일을 참고하여 주시기 바랍니다. 목록 수정 ﻿ 페이지 관리자 | 대외협력실(6991) 관리자메일",,"2025-08-12 11:00:49",,baf6f6d0cee085bda776277d727cda8a8b00a53d915f86f56be600151003e4eb
103,5,,https://plus.cnu.ac.kr/_prog/recruit/index.php?mode=V&site_dvs_cd=kr&menu_dvs_cd=07080401&gubun=1&mng_no=97272&skey=&sval=&GotoPage=1,탄방동 수학 학원 선생님 구합니다,"TAB MENU 구인 구직 ﻿ 구인 게시판 보기 탄방동 수학 학원 선생님 구합니다 구분 구인 업체명 탄방해법학원 작성자 박** 업태 아르바이트 급여 시급 12,000원 근무시간 협의 모집기간 2025-08-10 ~ 2025-08-22 연락처 010-7181-0143 등록일시 2025.08.11 친절하신 수학 보조쌤 구합니다, 1.대상;초등~중3 까지의   티칭 가능하신분 2.시급(12000원 >수습1개월 11000원) 3.시간 주2~3회 가능하신분 *화/금은 필수 *화( 2시~7시30) *금(3시30~7시30) *추가요일 *수요일 2시~5시가능 4.조건;이과(수학관련과&공대* 여학생 선호/ 80학점이상 선호/ 휴학생 선호/ 5 위치; 탄방역 주변 6ㆍ지원방법 (010-7181-0143)으로 연락주시면 감사하겠습니다~ 목록 수정 ﻿ 페이지 관리자 | 대외협력실(6991) 관리자메일",,"2025-08-12 11:00:52",,"4443bc9950c3c97ed0bc94ae8ebfcf62d7d835e7d04ee4cc5a3e722846301d0c"
104,5,,https://plus.cnu.ac.kr/_prog/recruit/index.php?mode=V&site_dvs_cd=kr&menu_dvs_cd=07080401&gubun=1&mng_no=97271&skey=&sval=&GotoPage=1,갈마역 근처 영수학원에서 영어 선생님 구인합니다,"TAB MENU 구인 구직 ﻿ 구인 게시판 보기 갈마역 근처 영수학원에서 영어 선생님 구인합니다 구분 구인 업체명 대명학원 작성자 장** 업태 급여 월급 1,500,000원 근무시간 상담 후 협의 모집기간 2025-08-11 ~ 2025-08-16 연락처 010-3400-7618 등록일시 2025.08.11 갈마동에 위치한 영/수 전문 ""대명학원""에서 (갈마역 5분, 둔산동 10분 거리) 영어 과목을 강의해주실 선생님을 모집합니다. (남/여 무관) 초/중등 전문으로 편하고 자유로운 환경입니다. (고등 수업 시 인센티브 추가 지급) - 시간표 유연하게 조정 가능합니다. - 불필요한 잡무 없이 수업과 학생 케어만 담당하시면 됩니다. - 학생 수에 따라 인센티브 있습니다. - 수업 없는 시간에는 개인 시간 활용 가능 합니다. - 성실히 업무만 수행해주시면, 처음 방향성 인수인계 이후 전혀 터치하지 않습니다. ★연락처: 010-3400-7618 ★근무 시간 : 주 5회(월~금), 수요일은 초등 수업만 하고 퇴근. (면접 시 협의) ★월급 : 1,500,000원+α (면접 후 협의) ★지원 자격 : 1년 정도는 성실하게 근무 가능한 선생님(휴학생, 졸업생 우대) - 영어전공자가 아니더라도, 성실하고 아이들을 사랑하는 마음이 있다면 지원 가능합니다. 경력이 없거나 수업에 어려움을 겪어도 적응하실 수 있도록 도와드립니다. 다만, 선생님 편의를 최대한 봐드리는 근무 환경인만큼 책임감 있고 성실하게 근무 기간 동안 수업해주셔야 합니다. 문자나 전화로 연락주시면 감사하겠습니다. 많은 지원 부탁드립니다! 목록 수정 ﻿ 페이지 관리자 | 대외협력실(6991) 관리자메일",,"2025-08-12 11:00:54",,"8ebc49b3480342a8d7ba6904a42b2fab47d82cad8a6fd6b3873affee83980c57"
105,5,,https://plus.cnu.ac.kr/_prog/recruit/index.php?mode=V&site_dvs_cd=kr&menu_dvs_cd=07080401&gubun=1&mng_no=97270&skey=&sval=&GotoPage=2,학생생활관 RC 센터 교육조교 모집,"TAB MENU 구인 구직 ﻿ 구인 게시판 보기 학생생활관 RC 센터 교육조교 모집 구분 구인 업체명 학생생활관 작성자 이** 업태 급여 시급 10,030원 근무시간 월 40시간 모집기간 2025-08-11 ~ 2025-09-30 연락처 042-821-6186 등록일시 2025.08.11 [학생생활관 RC 센터 교육조교 모집] 학생생활관 RC 센터에서 교육조교를 모집합니다. - 모집 기간: 선발 시까지 - 모집 인원: 1명 (성별 무관) - 자격: 충남대학교 대학원 재학 중인 학생(3학기 이하 ), 창의력, 기획력 높은 학생 우대 - 근무 기간: 2025학년도 2학기 ~ 겨울방학(자격 요건 유지 시 차 년도 연장 가능) - 근무 조건 1. 주요 업무: 학생생활관 RC 활동 행정 및 교육 보조 2. 근무 시간 및 장학금: 월 40시간 - 주별 10시간 업무 보조, 401,200원/월 장학금 지급 4. 혜택 가. 본인 희망 시 학생생활관 이인구 인재관 1인실 제공 가능 나. 학기 중 생활관비 50% 감면 다. 근무 시간 탄력 운영 - 제출 서류 1. 신청서 작성(온라인)- https://naver.me/5R4tBpEk 2. 재학 증명서 및 자기소개서(PPT 자유 작성) 각 1부 제출 필 ※ 재학증명서 및 자기소개서 제출처: sylee21@cnu.ac.kr 목록 수정 ﻿ 페이지 관리자 | 대외협력실(6991) 관리자메일",,"2025-08-12 11:01:00",,be65e81ed0853f53d32ca6c68dcd59fe2a9d57497f3a631d3e2b41dc2ca4fc8e
106,5,,https://plus.cnu.ac.kr/_prog/recruit/index.php?mode=V&site_dvs_cd=kr&menu_dvs_cd=07080401&gubun=1&mng_no=97269&skey=&sval=&GotoPage=2,선박해양플랜트연구소 일용직(데이터 입력 등),"TAB MENU 구인 구직 ﻿ 구인 게시판 보기 선박해양플랜트연구소 일용직(데이터 입력 등) 구분 구인 업체명 선박해양플랜트연구소 작성자 조** 업태 급여 일급 90,000원 근무시간 09:00~18:00 모집기간 2025-08-11 ~ 2025-08-19 연락처 042-866-3628 등록일시 2025.08.11 □ 담당 업무: 데이터 입력, 실험장비 유지관리, 센터업무 보조지원 □ 전공: 무관 □ 근무조건 * 고용형태: 일용직 * 근무 시작일: 2025년 9월 1일(월)부터 (필요시 협의가능) * 근무시간: 주5일 (09:00~18:00) * 근무지: 대전광역시 유성구 유성대로 1312번길 32, 선박해양플랜트연구소 * 급여: 일급 학사기준 약 90,000원 (식사 미제공 / 월~금 만근 시 주휴수당 지급) * 기타 : 4대보험, 일부노선 통근버스 □ 모집기간 * ~ 2025년 8월 19일(화) 18:00까지 □ 전형절차 * 1차 서류 * 2차 면접(부담없이 약식으로 진행예정) - 합격자에 한하여 개별통보 □ 제출서류: 이력서 및 자기소개서 각 1부(자유양식, 주민등록번호 뒷자리 삭제) □ 서류접수 할곳: troychoi@kriso.re.kr 목록 수정 ﻿ 페이지 관리자 | 대외협력실(6991) 관리자메일",,"2025-08-12 11:01:03",,ea464aa2e20b646b87f48a86e3cfeed790cb982a27fa879b137d9f0556bfa2b9
107,5,,https://plus.cnu.ac.kr/_prog/recruit/index.php?mode=V&site_dvs_cd=kr&menu_dvs_cd=07080401&gubun=1&mng_no=97268&skey=&sval=&GotoPage=2,한국지질자원연구원에서 미화석 실험 단기 아르바이트생 구합니다.,"TAB MENU 구인 구직 ﻿ 구인 게시판 보기 한국지질자원연구원에서 미화석 실험 단기 아르바이트생 구합니다. 구분 구인 업체명 한국지질자원연구원 제4기환경연구센터 작성자 김** 업태 급여 시급 85,000원 근무시간 1일 8시간, 주5일 모집기간 2025-08-11 ~ 2025-08-14 연락처 010-4947-0918 등록일시 2025.08.11 한국지질자원연구원 실험보조 단기 아르바이트 모집 1. 인 원: 1명 2. 기 간: 근무 시작일로부터 27일 3. 업무내용: 미화석 실험 4. 자격요건: 지질 계열 대재 이상 우대 (따로 상관없음) 5. 근무환경: 주 5일(월~금, 09:00 ~ 18:00 <12:00~13:00 점심시간>) 6. 근무시작일 : 8월 18일 이전 최대한 빠른 시일 내에 7. 일 당 액: 대재 85,000 대졸 86,000 8. 기 타 - 후생복지: 2대보험(산재보험, 고용보험) 가입 - 원내 식당 이용시 식권기계를 이용하여 개인이 구입 (3,500원) - 대전지역 통근버스 운행 - 근무지: 유성구 가정동 한국지질자원연구원 - 지원자격: 졸업, 휴학, 복학 예정자, 대학교 재학(시간에 맞출 수 있는 사람). 개강 후에도 가능하시면 좋겠습니다. -2025년에 본 연구원에서 근무 이력이 없어야 하며 현재 고용보험에 가입되어 있으면 안됩니다. (입사시 건강보험자격득실확인서 제출) - 지원방법: 이력서(자유양식) 작성 후 이메일(jaeyounglee@kigam.re.kr) 송부. 연락처 필수 문의 : jaeyounglee@kigam.re.kr or 01049470918 목록 수정 ﻿ 페이지 관리자 | 대외협력실(6991) 관리자메일",,"2025-08-12 11:01:22",,e22620399e40a5c3d471568198a88f8d69ac4946a031421a2739c7a365e29602
108,5,,https://plus.cnu.ac.kr/_prog/recruit/index.php?mode=V&site_dvs_cd=kr&menu_dvs_cd=07080401&gubun=1&mng_no=97267&skey=&sval=&GotoPage=2,[세븐일레븐] 금호고속터미널 유성점에서 알바를 구합니다.,"TAB MENU 구인 구직 ﻿ 구인 게시판 보기 [세븐일레븐] 금호고속터미널 유성점에서 알바를 구합니다. 구분 구인 업체명 세븐일레븐 작성자 신** 업태 편의점 급여 시급 10,030원 근무시간 월~목 / 오후7시~11시 모집기간 2025-08-11 ~ 2025-08-28 연락처 010-2515-8600 등록일시 2025.08.11 세븐일레븐 금호고속터미널 알바를 구합니다. 구분 : 구인 업체명 : 세븐일레븐 업태 : 편의점 급여 : 최저임금(10,030원) 근무요일 및 시간 : 월요일 ~ 목요일 / 19 : 00 ~ 23 : 00 (근무시간은 협의 가능) 모집기간 : 2025.08.08 ~ 2025. 08. 28. 연락처 : 010-2515-8600 많은 응모 바랍니다. 목록 수정 ﻿ 페이지 관리자 | 대외협력실(6991) 관리자메일",,"2025-08-12 11:01:26",,"5019973f828cc0bd0867065c0b83d5de4f430ae606f05bd3abd40b73f1f47015"
109,5,,https://plus.cnu.ac.kr/_prog/recruit/index.php?mode=V&site_dvs_cd=kr&menu_dvs_cd=07080401&gubun=1&mng_no=97266&skey=&sval=&GotoPage=2,"대전세종에서 영어,화학수업 접수 되었습니다.^^","TAB MENU 구인 구직 ﻿ 구인 게시판 보기 대전세종에서 영어,화학수업 접수 되었습니다.^^ 구분 구인 업체명 꼴찌들아공부하자 대전세종점 작성자 서** 업태 교육서비스업 급여 시급 35,000원 근무시간 주2회/월8회, 90분 수업 모집기간 2025-08-11 ~ 2025-08-13 연락처 010-9112-6431 등록일시 2025.08.11 첨부파일 캡처.png 안녕하세요.^^ [맞춤과외기업] 꼴찌들아공부하자 대전.세종점입니다. ** 8/11 연결대기수업입니다.** *외삼중2 영어(온라인수업)-30~35(주2회/월8회,90분수업)-온라인수업 유성구 반석동 반석마을 화,목(방과 후 시간 협의가능) 성별 무관 *유성여고2 화학1-30(주1회/월4회,120분수업) 유성구 하기동 송림마을 5단지 수요일 오후 7시 이후 or 토요일 오전 성별 여 *** 더 자세한 수업조건은 홈페이지에서 확인 가능합니다.** www.ggstudy.co.kr 목록 수정 ﻿ 페이지 관리자 | 대외협력실(6991) 관리자메일",,"2025-08-12 11:01:29",,"5b143d21d808e6e4218b44aa0b6449e44cf32c6d93cb25bf6c703a705a808d56"
110,5,,https://plus.cnu.ac.kr/_prog/recruit/index.php?mode=V&site_dvs_cd=kr&menu_dvs_cd=07080401&gubun=1&mng_no=97265&skey=&sval=&GotoPage=2,"봉명동 한우 전문점 ""희우""에서 홀 알바 구인합니다 !","TAB MENU 구인 구직 ﻿ 구인 게시판 보기 봉명동 한우 전문점 ""희우""에서 홀 알바 구인합니다 ! 구분 구인 업체명 희우 작성자 임** 업태 급여 시급 11,000원 근무시간 16-23(협의 가능,스케쥴 근무) 모집기간 2025-08-11 ~ 2025-08-23 연락처 010-3177-6139 등록일시 2025.08.11 근무기간 : 6개월 ~ 1년(장기근무자 우대) 근무요일 : 월~토(금,토 or 월~토 협의) 근무시간 : 16:00 ~ 22:30(협의 가능, 스케쥴 근무) 복리후생 : 4대보험 가입, 석식 제공, 근무복 지급 주 업무는 오픈 준비, 고객 응대, 간단한 음료 제조 및 서빙, 테이블 정리 및 간단한 설거지 등이 있습니다. (불판 닦는 일 없습니다!) 현재 20대,30대가 함께 일 하고 있어서 인수인계도 원활합니다. 일이 어렵지 않으니 많은 지원 부탁드립니다 ! * 금,토 16:00 - 22:30 (협의 가능) * 월화수목금토 풀 근무도 가능합니다 ! 01031776139 문자로 간단한 자기 소개 부탁드립니다. 목록 수정 ﻿ 페이지 관리자 | 대외협력실(6991) 관리자메일",,"2025-08-12 11:01:32",,d8f92fd93a115cd96b201467c3d013e4286269cfe238b7eb506bcb3f3beb3bc7
111,5,,https://plus.cnu.ac.kr/_prog/recruit/index.php?mode=V&site_dvs_cd=kr&menu_dvs_cd=07080401&gubun=1&mng_no=97264&skey=&sval=&GotoPage=2,관리선생님과 파트 영어선생님을 모십니다.,"TAB MENU 구인 구직 ﻿ 구인 게시판 보기 관리선생님과 파트 영어선생님을 모십니다. 구분 구인 업체명 영어학원 작성자 신** 업태 교육 급여 시급 11,000원 근무시간 첨부 모집기간 2025-08-01 ~ 2025-08-31 연락처 010-7580-6842 등록일시 2025.08.09 @ 위치: 갈마역 근처 @ 구인 대상 1. 파트 영어선생님 (1) 월수금 초중등부: 5시15분~8시15분 또는 6시~9시 선택가능. 화목 초중등부: 5시15분~8시15분. (2) 근무내용: 문법, 독해 수업, 시험기간에는 내신대비 수업 (3) 시급: 18,000원. 2. 화목 관리선생님 (1) 화목 6시~10시. (2) 시급: 11,000원. (3) 주요업무: 학생들 단어시험, 듣기 관리, 기본적인 워드, 한글 문서작성, 전화응대 및 학원 행정 업무 등. 이력서 보내신 후 문자 주시면 검토한 후 전화드립니다.(면접일정 상의차) @ 연락처 : 010 7580 6842. jugovic7@kakao.com 목록 수정 ﻿ 페이지 관리자 | 대외협력실(6991) 관리자메일",,"2025-08-12 11:01:51",,b0483997efdf0b218bb8009798d73ebd19450308b646b307271cc532ff9e6f15
112,5,,https://plus.cnu.ac.kr/_prog/recruit/index.php?mode=V&site_dvs_cd=kr&menu_dvs_cd=07080401&gubun=1&mng_no=97263&skey=&sval=&GotoPage=2,"충남대학교 응용교육측정평가연구소 국어, 과학, 수학 전공자 채용 공고","TAB MENU 구인 구직 ﻿ 구인 게시판 보기 충남대학교 응용교육측정평가연구소 국어, 과학, 수학 전공자 채용 공고 구분 구인 업체명 충남대학교 응용교육측정평가연구소 작성자 이** 업태 급여 월급 2,500,000원 근무시간 월-금 09:00 ~ 18:00 모집기간 2025-08-08 ~ 2025-08-31 연락처 042-821-8586 등록일시 2025.08.08 첨부파일 응용교육측정평가연구소 채용 공고(2025.08.08.).hwp 안녕하세요. 충남대학교 응용교육측정평가연구소입니다. 연구원 채용을 위하여 채용 공고를 올립니다. 첨부된 파일을 참고하셔서 지원서류를 메일로 보내주시기 바랍니다. 감사합니다. 목록 수정 ﻿ 페이지 관리자 | 대외협력실(6991) 관리자메일",,"2025-08-12 11:01:54",,"0bcad81ce5d7eb7a6b1df930cb249c5d2b65e1a3bd17b16aab399ae7cb140adc"
113,5,,https://plus.cnu.ac.kr/_prog/recruit/index.php?mode=V&site_dvs_cd=kr&menu_dvs_cd=07080401&gubun=1&mng_no=97262&skey=&sval=&GotoPage=2,"55와인포차 홀서빙 아르바이트생 구합니다!","TAB MENU 구인 구직 ﻿ 구인 게시판 보기 55와인포차 홀서빙 아르바이트생 구합니다! 구분 구인 업체명 55와인포차 작성자 최** 업태 식당 급여 시급 10,030원 근무시간 하루 5시간 모집기간 2025-08-08 ~ 2025-08-22 연락처 010-9870-1636 등록일시 2025.08.08 55와인포차 홀서빙 아르바이트 구해용!! 55와인포차(어은동)에서 홀서빙 아르바이트생 구합니다! 궁동 하나로마트 건너편 골목에 있으며 궁동로데오거리에서 3분 거리입니다 시급: 10,030 시간: 화 오픈 17:30 ~ 22:30 토 오픈 17:30 ~ 22:30 또는 마감 19:00 ~ 23:30 토요일은 오픈 또는 마감중에 선택 가능합니다 홀서빙이 주 업무구요, 간단한 안주 제조 및 잔 설거지입니다 일도 쉽고 다 대학생 분들이라 알바생분들끼리 시간표 조율이나 대타도 가능합니다! 와인 모르셔도 되고, 가게 분위기 정말 좋아요!! 사장님 사모님 모두 좋은분이라 알바하기 좋아요 ㅎㅎ 1년 이상 일하다 그만둡니다.. ㅠㅠ .. 연락 편하게 주세요~ 010-9870-1636 으로 간단한 이름/나이 문자남겨주세요 목록 수정 ﻿ 페이지 관리자 | 대외협력실(6991) 관리자메일",,"2025-08-12 11:02:31",,c1043b09f2d0b3e4c89b70daae9f5a7970efb05d87277e5859942c38e3d2d19f
114,5,,https://plus.cnu.ac.kr/_prog/recruit/index.php?mode=V&site_dvs_cd=kr&menu_dvs_cd=07080401&gubun=1&mng_no=97261&skey=&sval=&GotoPage=2,[(주)해본사람들] 청소년 진로교육 프리랜서 강사 커넥터 모집(~8.22(금),"TAB MENU 구인 구직 ﻿ 구인 게시판 보기 [(주)해본사람들] 청소년 진로교육 프리랜서 강사 커넥터 모집(~8.22(금) 구분 구인 업체명 (주)해본사람들 작성자 민** 업태 교육 급여 시급 30,000원 근무시간 08:30 ~ 14:00 모집기간 2025-08-04 ~ 2025-08-22 연락처 042-587-1213 등록일시 2025.08.08 <모집 형태 및 활 동내용> -모집 형태: (주)해본사람들 소속 프리랜서 강사 *출강 학교와 일정을 조정하여 진행하기 때문에 가능하신 일정에 맞추어 자유로운 활동이 가능합니다. -활동 내용: 중,고등학생 대상 강의(진로교육 프로그램) -활동 혜택: 강의 교안 및 PPT 제공, 무료 강의 교육 제공, 교육 수료증 발급, 강사증 발급, 카풀 제공 <커넥터 소개> 우리는 아이들이 보다 건강한 방향으로 세상에 연결되어 자신만의 플레이로 삶을 꾸려 나가길 바랍니다. 커넥터는 해본사람들의 진로 교육 강사를 칭하며 해본사람들의 교육 콘텐츠에서 제공하는 관점을 토대로 정리한 강사의 경험과 해본사람들의 교육 콘텐츠를 활용하여 청소년을 대상으로 진로 프로그램을 운영합니다. <해본사람들 소개> 해본사람들은 일상에서 겪는 경험들이 각자에게 유의미한 삶의 성장으로 연결될 수 있도록, 과거경험 해석과 미래경험 설계를 돕는 진로 프로그램과 행사 등을 운영하고 있습니다. 2017년부터 약 46개 기관과 400개 학교의 약 80,000여 명의 청년, 청소년과 함께하였습니다. <지원 자격 (이런 분을 찾습니다.)> 커넥터 교육 과정을 지각없이 참여하고 교육과정 속 가이드를 성실히 이행할 책임감 소유자! 아이들과 유쾌하게 소통하고 재밌는 레크레이션을 진행할 수 있는 에너지 소유자! <모집 내용> 모집 일자 2025.08.04(월) ~ 08.22(금) 10:00 <전형 단계 및 제출 서류> 전형 단계 : 서류전형 > OT 및 교육 > 시연강의 > 학교 출강 > 최종합격 ※ 주의사항: 노쇼방지를 위해 보증금 있음 상세한 내용은 아래 링크를 통해서 확인하실 수 있습니다. 모집 공고 링크: https://abit.ly/pt1n21 모집 공고 바로가기 모집공고 내 지원링크를 통해 설문 제출 목록 수정 ﻿ 페이지 관리자 | 대외협력실(6991) 관리자메일",,"2025-08-12 11:02:34",,"87499c59ba94397bd2eae5f876f7b02091fbe95458570b10207dc808c75c55f9"
